timestamp,host,latency_ms,jitter_ms,loss_percent
2025-11-03 22:22:00,192.168.1.1,1.19,0.14,0.00
2025-11-03 22:22:13,192.168.1.1,1.14,0.10,0.00
2025-11-03 22:22:26,192.168.1.1,1.15,0.08,0.00
2025-11-03 22:22:39,192.168.1.1,1.12,0.12,0.00
2025-11-03 22:22:52,192.168.1.1,1.15,0.08,0.00
2025-11-05 10:27:44,192.168.1.1,NaN,NaN,100.00
2025-11-05 10:30:10,192.168.1.1,NaN,NaN,100.00
2025-11-05 10:30:29,192.168.1.1,NaN,NaN,100.00
2025-11-05 10:30:48,192.168.1.1,NaN,NaN,100.00
2025-11-05 10:31:07,192.168.1.1,NaN,NaN,100.00
2025-11-05 10:31:26,192.168.1.1,NaN,NaN,100.00
2025-11-05 10:31:45,192.168.1.1,NaN,NaN,100.00
2025-11-05 10:32:04,192.168.1.1,NaN,NaN,100.00
2025-11-05 10:32:23,192.168.1.1,NaN,NaN,100.00
2025-11-05 10:32:42,192.168.1.1,NaN,NaN,100.00
2025-11-05 10:33:01,192.168.1.1,NaN,NaN,100.00
2025-11-05 10:33:20,192.168.1.1,NaN,NaN,100.00
2025-11-05 10:33:39,192.168.1.1,NaN,NaN,100.00
2025-11-05 10:33:58,192.168.1.1,NaN,NaN,100.00
2025-11-05 10:34:17,192.168.1.1,NaN,NaN,100.00
2025-11-05 10:34:36,192.168.1.1,NaN,NaN,100.00
2025-11-05 10:34:55,192.168.1.1,NaN,NaN,100.00
2025-11-05 10:35:14,192.168.1.1,NaN,NaN,100.00
2025-11-05 10:38:14,192.168.1.1,NaN,NaN,100.00
2025-11-05 10:38:33,192.168.1.1,NaN,NaN,100.00
2025-11-05 10:38:52,192.168.1.1,NaN,NaN,100.00
2025-11-05 10:39:11,192.168.1.1,NaN,NaN,100.00
2025-11-05 10:39:30,192.168.1.1,NaN,NaN,100.00
2025-11-05 10:39:49,192.168.1.1,NaN,NaN,100.00
2025-11-05 10:40:08,192.168.1.1,NaN,NaN,100.00
2025-11-05 10:40:27,192.168.1.1,NaN,NaN,100.00
2025-11-05 10:40:46,192.168.1.1,NaN,NaN,100.00
2025-11-05 10:41:05,192.168.1.1,NaN,NaN,100.00
2025-11-05 10:41:24,192.168.1.1,NaN,NaN,100.00
2025-11-05 10:41:43,192.168.1.1,NaN,NaN,100.00
2025-11-05 10:42:02,192.168.1.1,NaN,NaN,100.00
2025-11-05 10:42:21,192.168.1.1,NaN,NaN,100.00
2025-11-05 10:42:40,192.168.1.1,NaN,NaN,100.00
2025-11-05 10:42:59,192.168.1.1,NaN,NaN,100.00
2025-11-05 10:43:18,192.168.1.1,NaN,NaN,100.00
2025-11-05 10:43:37,192.168.1.1,NaN,NaN,100.00
2025-11-05 10:43:56,192.168.1.1,NaN,NaN,100.00
2025-11-05 10:44:15,192.168.1.1,NaN,NaN,100.00
2025-11-05 10:44:34,192.168.1.1,NaN,NaN,100.00
2025-11-05 10:44:53,192.168.1.1,NaN,NaN,100.00
2025-11-05 10:45:12,192.168.1.1,NaN,NaN,100.00
2025-11-05 10:45:31,192.168.1.1,NaN,NaN,100.00
2025-11-05 10:45:50,192.168.1.1,NaN,NaN,100.00
2025-11-05 10:46:09,192.168.1.1,NaN,NaN,100.00
2025-11-05 10:46:28,192.168.1.1,NaN,NaN,100.00
2025-11-05 10:46:47,192.168.1.1,NaN,NaN,100.00
2025-11-05 10:47:06,192.168.1.1,NaN,NaN,100.00
2025-11-05 10:47:25,192.168.1.1,NaN,NaN,100.00
2025-11-05 10:47:44,192.168.1.1,NaN,NaN,100.00
2025-11-05 10:48:03,192.168.1.1,NaN,NaN,100.00
2025-11-05 10:48:22,192.168.1.1,NaN,NaN,100.00
2025-11-05 10:48:42,192.168.1.1,NaN,NaN,100.00
2025-11-05 10:49:01,192.168.1.1,NaN,NaN,100.00
2025-11-10 16:21:50,192.168.1.1,NaN,NaN,100.00
2025-11-10 16:22:09,192.168.1.1,NaN,NaN,100.00
2025-11-10 16:22:28,192.168.1.1,NaN,NaN,100.00
2025-11-10 16:22:47,192.168.1.1,NaN,NaN,100.00
2025-11-10 16:23:06,192.168.1.1,NaN,NaN,100.00
2025-11-10 16:23:25,192.168.1.1,NaN,NaN,100.00
2025-11-10 16:23:44,192.168.1.1,NaN,NaN,100.00
2025-11-10 16:24:03,192.168.1.1,NaN,NaN,100.00
2025-11-10 16:24:22,192.168.1.1,NaN,NaN,100.00
2025-11-10 16:24:41,192.168.1.1,NaN,NaN,100.00
2025-11-10 16:25:00,192.168.1.1,NaN,NaN,100.00
2025-11-10 16:25:19,192.168.1.1,NaN,NaN,100.00
2025-11-10 16:25:38,192.168.1.1,NaN,NaN,100.00
2025-11-10 16:28:06,192.168.1.1,NaN,NaN,100.00
2025-11-10 16:28:25,192.168.1.1,NaN,NaN,100.00
2025-11-10 16:28:44,192.168.1.1,NaN,NaN,100.00
2025-11-10 16:29:03,192.168.1.1,NaN,NaN,100.00
2025-11-10 16:29:22,192.168.1.1,NaN,NaN,100.00
2025-11-10 16:29:41,192.168.1.1,NaN,NaN,100.00
2025-11-10 16:30:00,192.168.1.1,NaN,NaN,100.00
2025-11-10 16:30:19,192.168.1.1,NaN,NaN,100.00
2025-11-10 16:30:38,192.168.1.1,NaN,NaN,100.00
2025-11-10 16:30:57,192.168.1.1,NaN,NaN,100.00
2025-11-10 16:31:16,192.168.1.1,NaN,NaN,100.00
2025-11-10 16:31:35,192.168.1.1,NaN,NaN,100.00
2025-11-10 16:31:55,192.168.1.1,NaN,NaN,100.00
2025-11-10 16:32:14,192.168.1.1,NaN,NaN,100.00
2025-11-10 16:32:33,192.168.1.1,NaN,NaN,100.00
2025-11-10 16:41:23,192.168.1.1,NaN,NaN,100.00
2025-11-10 16:41:42,192.168.1.1,NaN,NaN,100.00
2025-11-10 16:42:01,192.168.1.1,NaN,NaN,100.00
2025-11-10 16:42:20,192.168.1.1,NaN,NaN,100.00
2025-11-10 16:42:39,192.168.1.1,NaN,NaN,100.00
2025-11-10 16:42:58,192.168.1.1,NaN,NaN,100.00
2025-11-10 16:43:17,192.168.1.1,NaN,NaN,100.00
2025-11-10 16:43:36,192.168.1.1,NaN,NaN,100.00
2025-11-10 16:43:56,192.168.1.1,NaN,NaN,100.00
2025-11-10 16:44:15,192.168.1.1,NaN,NaN,100.00
2025-11-10 16:44:34,192.168.1.1,NaN,NaN,100.00
2025-11-10 16:44:53,192.168.1.1,NaN,NaN,100.00
2025-11-10 16:45:12,192.168.1.1,NaN,NaN,100.00
2025-11-10 16:45:31,192.168.1.1,NaN,NaN,100.00
2025-11-10 16:45:50,192.168.1.1,NaN,NaN,100.00
2025-11-10 16:46:09,192.168.1.1,NaN,NaN,100.00
2025-11-10 16:46:28,192.168.1.1,NaN,NaN,100.00
2025-11-10 16:46:47,192.168.1.1,NaN,NaN,100.00
2025-11-10 16:47:06,192.168.1.1,NaN,NaN,100.00
2025-11-10 16:47:25,192.168.1.1,NaN,NaN,100.00
2025-11-10 16:47:44,192.168.1.1,NaN,NaN,100.00
2025-11-10 16:48:03,192.168.1.1,NaN,NaN,100.00
2025-11-10 16:48:22,192.168.1.1,NaN,NaN,100.00
2025-11-10 16:48:41,192.168.1.1,NaN,NaN,100.00
2025-11-10 16:49:00,192.168.1.1,NaN,NaN,100.00
2025-11-10 16:49:19,192.168.1.1,NaN,NaN,100.00
2025-11-10 16:49:38,192.168.1.1,NaN,NaN,100.00
2025-11-10 16:49:57,192.168.1.1,NaN,NaN,100.00
2025-11-10 16:50:16,192.168.1.1,NaN,NaN,100.00
2025-11-10 16:50:35,192.168.1.1,NaN,NaN,100.00
2025-11-10 16:50:54,192.168.1.1,NaN,NaN,100.00
2025-11-10 16:51:13,192.168.1.1,NaN,NaN,100.00
2025-11-10 16:51:32,192.168.1.1,NaN,NaN,100.00
2025-11-10 16:51:51,192.168.1.1,NaN,NaN,100.00
2025-11-10 16:52:10,192.168.1.1,NaN,NaN,100.00
2025-11-10 16:52:29,192.168.1.1,NaN,NaN,100.00
2025-11-10 16:52:48,192.168.1.1,NaN,NaN,100.00
2025-11-10 16:53:07,192.168.1.1,NaN,NaN,100.00
2025-11-10 16:53:26,192.168.1.1,NaN,NaN,100.00
2025-11-10 16:53:45,192.168.1.1,NaN,NaN,100.00
2025-11-10 16:54:04,192.168.1.1,NaN,NaN,100.00
2025-11-10 16:54:23,192.168.1.1,NaN,NaN,100.00
2025-11-10 16:54:42,192.168.1.1,NaN,NaN,100.00
2025-11-10 16:55:01,192.168.1.1,NaN,NaN,100.00
2025-11-10 16:55:20,192.168.1.1,NaN,NaN,100.00
2025-11-10 16:55:39,192.168.1.1,NaN,NaN,100.00
2025-11-10 16:55:58,192.168.1.1,NaN,NaN,100.00
2025-11-10 16:56:17,192.168.1.1,NaN,NaN,100.00
2025-11-10 16:56:36,192.168.1.1,NaN,NaN,100.00
2025-11-10 16:56:55,192.168.1.1,NaN,NaN,100.00
2025-11-10 16:57:14,192.168.1.1,NaN,NaN,100.00
2025-11-10 16:57:33,192.168.1.1,NaN,NaN,100.00
2025-11-10 16:57:52,192.168.1.1,NaN,NaN,100.00
2025-11-10 16:58:11,192.168.1.1,NaN,NaN,100.00
2025-11-10 16:58:30,192.168.1.1,NaN,NaN,100.00
2025-11-10 16:58:49,192.168.1.1,NaN,NaN,100.00
2025-11-10 16:59:08,192.168.1.1,NaN,NaN,100.00
2025-11-10 16:59:27,192.168.1.1,NaN,NaN,100.00
2025-11-10 16:59:46,192.168.1.1,NaN,NaN,100.00
2025-11-10 17:00:05,192.168.1.1,NaN,NaN,100.00
2025-11-10 17:00:24,192.168.1.1,NaN,NaN,100.00
2025-11-10 17:00:43,192.168.1.1,NaN,NaN,100.00
2025-11-10 17:01:02,192.168.1.1,NaN,NaN,100.00
2025-11-10 17:01:21,192.168.1.1,NaN,NaN,100.00
2025-11-10 17:01:40,192.168.1.1,NaN,NaN,100.00
2025-11-10 17:01:59,192.168.1.1,NaN,NaN,100.00
2025-11-10 17:02:18,192.168.1.1,NaN,NaN,100.00
2025-11-10 17:02:37,192.168.1.1,NaN,NaN,100.00
2025-11-10 17:02:56,192.168.1.1,NaN,NaN,100.00
2025-11-10 17:03:15,192.168.1.1,NaN,NaN,100.00
2025-11-10 17:03:34,192.168.1.1,NaN,NaN,100.00
2025-11-10 17:03:53,192.168.1.1,NaN,NaN,100.00
2025-11-10 17:04:12,192.168.1.1,NaN,NaN,100.00
2025-11-10 17:04:31,192.168.1.1,NaN,NaN,100.00
2025-11-10 17:04:50,192.168.1.1,NaN,NaN,100.00
2025-11-10 17:05:09,192.168.1.1,NaN,NaN,100.00
2025-11-10 17:05:28,192.168.1.1,NaN,NaN,100.00
2025-11-10 17:05:47,192.168.1.1,NaN,NaN,100.00
2025-11-10 17:06:06,192.168.1.1,NaN,NaN,100.00
2025-11-10 17:06:25,192.168.1.1,NaN,NaN,100.00
2025-11-10 17:06:44,192.168.1.1,NaN,NaN,100.00
2025-11-10 17:07:03,192.168.1.1,NaN,NaN,100.00
2025-11-10 17:07:22,192.168.1.1,NaN,NaN,100.00
2025-11-10 17:07:41,192.168.1.1,NaN,NaN,100.00
2025-11-10 17:08:00,192.168.1.1,NaN,NaN,100.00
2025-11-10 17:08:19,192.168.1.1,NaN,NaN,100.00
2025-11-10 17:08:38,192.168.1.1,NaN,NaN,100.00
2025-11-10 17:08:57,192.168.1.1,NaN,NaN,100.00
2025-11-10 17:09:16,192.168.1.1,NaN,NaN,100.00
2025-11-10 17:09:35,192.168.1.1,NaN,NaN,100.00
2025-11-10 17:09:54,192.168.1.1,NaN,NaN,100.00
2025-11-10 17:10:13,192.168.1.1,NaN,NaN,100.00
2025-11-10 17:10:32,192.168.1.1,NaN,NaN,100.00
2025-11-10 17:10:51,192.168.1.1,NaN,NaN,100.00
2025-11-10 17:11:10,192.168.1.1,NaN,NaN,100.00
2025-11-10 17:11:29,192.168.1.1,NaN,NaN,100.00
2025-11-10 17:11:48,192.168.1.1,NaN,NaN,100.00
2025-11-10 17:12:07,192.168.1.1,NaN,NaN,100.00
2025-11-10 17:12:26,192.168.1.1,NaN,NaN,100.00
2025-11-10 17:12:45,192.168.1.1,NaN,NaN,100.00
2025-11-10 17:13:05,192.168.1.1,NaN,NaN,100.00
2025-11-10 17:15:58,192.168.1.1,NaN,NaN,100.00
2025-11-10 17:16:17,192.168.1.1,NaN,NaN,100.00
2025-11-10 17:16:36,192.168.1.1,NaN,NaN,100.00
2025-11-10 17:16:55,192.168.1.1,NaN,NaN,100.00
2025-11-10 17:17:14,192.168.1.1,NaN,NaN,100.00
2025-11-10 20:23:20,192.168.1.1,NaN,NaN,100.00
2025-11-10 20:23:39,192.168.1.1,NaN,NaN,100.00
2025-11-10 20:23:58,192.168.1.1,NaN,NaN,100.00
2025-11-10 20:24:17,192.168.1.1,NaN,NaN,100.00
2025-11-10 20:24:36,192.168.1.1,NaN,NaN,100.00
2025-11-10 20:24:55,192.168.1.1,NaN,NaN,100.00
2025-11-10 20:25:14,192.168.1.1,NaN,NaN,100.00
2025-11-10 20:25:33,192.168.1.1,NaN,NaN,100.00
2025-11-10 20:25:52,192.168.1.1,NaN,NaN,100.00
2025-11-10 20:26:11,192.168.1.1,NaN,NaN,100.00
2025-11-10 20:26:30,192.168.1.1,NaN,NaN,100.00
2025-11-10 20:26:49,192.168.1.1,NaN,NaN,100.00
2025-11-10 20:27:08,192.168.1.1,NaN,NaN,100.00
2025-11-10 20:27:27,192.168.1.1,NaN,NaN,100.00
2025-11-10 20:27:46,192.168.1.1,NaN,NaN,100.00
2025-11-10 20:28:05,192.168.1.1,NaN,NaN,100.00
2025-11-10 20:28:24,192.168.1.1,NaN,NaN,100.00
2025-11-10 20:28:43,192.168.1.1,NaN,NaN,100.00
2025-11-10 20:29:02,192.168.1.1,NaN,NaN,100.00
2025-11-10 20:29:15,192.168.1.1,1.56,0.65,0.00
2025-11-10 20:29:28,192.168.1.1,1.35,0.09,0.00
2025-11-10 20:29:41,192.168.1.1,1.51,0.40,0.00
2025-11-10 20:29:54,192.168.1.1,1.26,0.15,0.00
2025-11-10 20:30:07,192.168.1.1,1.17,0.02,0.00
2025-11-10 20:30:13,192.168.1.1,1.20,0.07,0.00
2025-11-10 20:30:26,192.168.1.1,1.32,0.03,0.00
2025-11-10 20:30:39,192.168.1.1,2.04,1.08,0.00
2025-11-10 20:30:52,192.168.1.1,1.38,0.12,0.00
2025-11-10 20:31:05,192.168.1.1,1.16,0.10,0.00
2025-11-10 20:31:18,192.168.1.1,1.23,0.05,0.00
2025-11-10 20:31:32,192.168.1.1,1.39,0.11,0.00
2025-11-10 20:31:45,192.168.1.1,1.38,0.08,0.00
2025-11-10 20:31:58,192.168.1.1,1.34,0.02,0.00
2025-11-10 20:32:11,192.168.1.1,1.36,0.05,0.00
2025-11-10 20:32:24,192.168.1.1,1.47,0.29,0.00
2025-11-10 20:32:37,192.168.1.1,1.21,0.14,0.00
2025-11-10 20:32:50,192.168.1.1,1.51,0.39,0.00
2025-11-10 20:33:03,192.168.1.1,1.26,0.08,0.00
2025-11-10 20:33:16,192.168.1.1,1.31,0.07,0.00
2025-11-10 20:33:29,192.168.1.1,1.38,0.20,0.00
2025-11-10 20:33:42,192.168.1.1,1.29,0.18,0.00
2025-11-10 20:33:55,192.168.1.1,1.42,0.16,0.00
2025-11-10 20:34:08,192.168.1.1,1.19,0.08,0.00
2025-11-10 20:34:21,192.168.1.1,1.36,0.02,0.00
2025-11-10 20:34:34,192.168.1.1,1.39,0.08,0.00
2025-11-10 20:34:47,192.168.1.1,1.40,0.20,0.00
2025-11-10 20:35:00,192.168.1.1,1.37,0.08,0.00
2025-11-10 20:35:13,192.168.1.1,1.35,0.10,0.00
2025-11-10 20:35:26,192.168.1.1,1.16,0.42,0.00
2025-11-10 20:35:39,192.168.1.1,1.35,0.06,0.00
2025-11-10 20:35:52,192.168.1.1,1.46,0.19,0.00
2025-11-10 20:36:05,192.168.1.1,1.26,0.17,0.00
2025-11-10 20:36:18,192.168.1.1,1.33,0.04,0.00
2025-11-10 20:36:31,192.168.1.1,1.33,0.11,0.00
2025-11-10 20:36:44,192.168.1.1,1.39,0.10,0.00
2025-11-10 20:36:57,192.168.1.1,1.38,0.17,0.00
2025-11-10 20:37:10,192.168.1.1,1.31,0.06,0.00
2025-11-10 20:37:23,192.168.1.1,1.30,0.04,0.00
2025-11-10 20:37:36,192.168.1.1,1.33,0.07,0.00
2025-11-10 20:37:49,192.168.1.1,1.26,0.08,0.00
2025-11-10 20:38:02,192.168.1.1,1.38,0.11,0.00
2025-11-10 20:38:15,192.168.1.1,1.27,0.19,0.00
2025-11-10 20:38:28,192.168.1.1,1.26,0.08,0.00
2025-11-10 20:38:41,192.168.1.1,1.18,0.03,0.00
2025-11-10 20:38:54,192.168.1.1,1.33,0.04,0.00
2025-11-10 20:39:07,192.168.1.1,1.16,0.14,0.00
2025-11-10 20:39:20,192.168.1.1,1.25,0.11,0.00
2025-11-10 20:39:33,192.168.1.1,1.30,0.12,0.00
2025-11-10 20:39:46,192.168.1.1,1.28,0.10,0.00
2025-11-10 20:39:59,192.168.1.1,1.32,0.02,0.00
2025-11-10 20:40:12,192.168.1.1,1.37,0.19,0.00
2025-11-10 20:40:25,192.168.1.1,1.34,0.02,0.00
2025-11-10 20:40:38,192.168.1.1,2.39,1.90,0.00
2025-11-10 20:40:51,192.168.1.1,1.36,0.04,0.00
2025-11-10 20:41:04,192.168.1.1,1.28,0.14,0.00
2025-11-10 20:41:17,192.168.1.1,1.35,0.21,0.00
2025-11-10 20:41:30,192.168.1.1,1.35,0.16,0.00
2025-11-10 20:41:43,192.168.1.1,1.36,0.09,0.00
2025-11-10 20:41:56,192.168.1.1,1.34,0.03,0.00
2025-11-10 20:42:09,192.168.1.1,1.23,0.08,0.00
2025-11-10 20:42:22,192.168.1.1,1.35,0.02,0.00
2025-11-10 20:42:35,192.168.1.1,1.25,0.03,0.00
2025-11-10 20:42:48,192.168.1.1,1.29,0.01,0.00
2025-11-10 20:43:01,192.168.1.1,1.36,0.11,0.00
2025-11-10 20:43:14,192.168.1.1,1.55,0.41,0.00
2025-11-10 20:43:27,192.168.1.1,1.36,0.05,0.00
2025-11-10 20:43:40,192.168.1.1,1.34,0.05,0.00
2025-11-10 20:43:53,192.168.1.1,1.34,0.03,0.00
2025-11-10 20:44:06,192.168.1.1,1.22,0.06,0.00
2025-11-10 20:44:19,192.168.1.1,1.14,0.03,0.00
2025-11-10 20:44:32,192.168.1.1,1.32,0.16,0.00
2025-11-10 20:44:45,192.168.1.1,1.39,0.12,0.00
2025-11-10 20:44:58,192.168.1.1,1.35,0.03,0.00
2025-11-10 20:45:11,192.168.1.1,1.31,0.08,0.00
2025-11-10 20:45:24,192.168.1.1,1.26,0.16,0.00
2025-11-10 20:45:37,192.168.1.1,1.31,0.05,0.00
2025-11-10 20:45:50,192.168.1.1,1.32,0.06,0.00
2025-11-10 20:46:03,192.168.1.1,1.29,0.10,0.00
2025-11-10 20:46:16,192.168.1.1,1.31,0.05,0.00
2025-11-10 20:46:29,192.168.1.1,1.35,0.00,0.00
2025-11-10 20:46:42,192.168.1.1,1.16,0.03,0.00
2025-11-10 20:46:55,192.168.1.1,1.19,0.05,0.00
2025-11-10 20:47:08,192.168.1.1,1.20,0.06,0.00
2025-11-10 20:47:21,192.168.1.1,1.33,0.07,0.00
2025-11-10 20:47:34,192.168.1.1,1.34,0.03,0.00
2025-11-10 20:47:47,192.168.1.1,1.36,0.12,0.00
2025-11-10 20:48:00,192.168.1.1,1.32,0.14,0.00
2025-11-10 20:48:13,192.168.1.1,1.31,0.04,0.00
2025-11-10 20:48:26,192.168.1.1,1.34,0.15,0.00
2025-11-10 20:48:39,192.168.1.1,1.47,0.10,0.00
2025-11-10 20:48:52,192.168.1.1,1.39,0.05,0.00
2025-11-10 20:49:05,192.168.1.1,1.25,0.13,0.00
2025-11-10 20:49:18,192.168.1.1,1.17,0.09,0.00
2025-11-10 20:49:31,192.168.1.1,1.34,0.14,0.00
2025-11-10 20:49:44,192.168.1.1,1.25,0.06,0.00
2025-11-10 20:49:57,192.168.1.1,1.28,0.09,0.00
2025-11-10 20:50:10,192.168.1.1,1.30,0.06,0.00
2025-11-10 20:50:23,192.168.1.1,1.31,0.04,0.00
2025-11-10 20:50:36,192.168.1.1,1.30,0.04,0.00
2025-11-10 20:50:49,192.168.1.1,1.32,0.03,0.00
2025-11-10 20:51:02,192.168.1.1,1.38,0.06,0.00
2025-11-10 20:51:15,192.168.1.1,1.37,0.05,0.00
2025-11-10 20:51:28,192.168.1.1,1.33,0.10,0.00
2025-11-10 20:51:41,192.168.1.1,1.20,0.08,0.00
2025-11-10 20:51:54,192.168.1.1,1.31,0.02,0.00
2025-11-10 20:52:07,192.168.1.1,1.16,0.09,0.00
2025-11-10 20:52:20,192.168.1.1,1.42,0.11,0.00
2025-11-10 20:52:33,192.168.1.1,1.31,0.02,0.00
2025-11-10 20:52:46,192.168.1.1,1.32,0.19,0.00
2025-11-10 20:52:59,192.168.1.1,1.34,0.14,0.00
2025-11-10 20:53:12,192.168.1.1,1.35,0.02,0.00
2025-11-10 20:53:25,192.168.1.1,1.49,0.10,0.00
2025-11-10 20:53:38,192.168.1.1,1.35,0.21,0.00
2025-11-10 20:53:51,192.168.1.1,1.33,0.02,0.00
2025-11-10 20:54:04,192.168.1.1,1.20,0.14,0.00
2025-11-10 20:54:17,192.168.1.1,1.41,0.18,0.00
2025-11-10 20:54:30,192.168.1.1,1.41,0.19,0.00
2025-11-10 20:54:43,192.168.1.1,1.25,0.08,0.00
2025-11-10 20:54:56,192.168.1.1,1.39,0.12,0.00
2025-11-10 20:55:09,192.168.1.1,1.29,0.06,0.00
2025-11-10 20:55:22,192.168.1.1,1.35,0.02,0.00
2025-11-10 20:55:35,192.168.1.1,1.48,0.24,0.00
2025-11-10 20:55:48,192.168.1.1,1.38,0.06,0.00
2025-11-10 20:56:01,192.168.1.1,1.37,0.07,0.00
2025-11-10 20:56:14,192.168.1.1,1.47,0.18,0.00
2025-11-10 20:56:27,192.168.1.1,1.34,0.05,0.00
2025-11-10 20:56:40,192.168.1.1,1.44,0.19,0.00
2025-11-10 20:56:53,192.168.1.1,1.26,0.05,0.00
2025-11-10 20:57:07,192.168.1.1,1.14,0.02,0.00
2025-11-10 20:57:20,192.168.1.1,1.42,0.05,0.00
2025-11-10 20:57:33,192.168.1.1,1.23,0.07,0.00
2025-11-10 20:57:46,192.168.1.1,1.33,0.18,0.00
2025-11-10 20:57:59,192.168.1.1,1.30,0.01,0.00
2025-11-10 20:58:12,192.168.1.1,1.29,0.13,0.00
2025-11-10 20:58:25,192.168.1.1,1.37,0.04,0.00
2025-11-10 20:58:38,192.168.1.1,1.41,0.04,0.00
2025-11-10 20:58:51,192.168.1.1,1.33,0.12,0.00
2025-11-10 20:59:04,192.168.1.1,1.25,0.16,0.00
2025-11-10 20:59:17,192.168.1.1,1.37,0.02,0.00
2025-11-10 20:59:30,192.168.1.1,1.27,0.03,0.00
2025-11-10 20:59:43,192.168.1.1,1.35,0.06,0.00
2025-11-10 20:59:56,192.168.1.1,1.24,0.11,0.00
2025-11-10 21:00:09,192.168.1.1,1.29,0.09,0.00
2025-11-10 21:00:22,192.168.1.1,1.39,0.14,0.00
2025-11-10 21:00:35,192.168.1.1,1.34,0.06,0.00
2025-11-10 21:00:48,192.168.1.1,1.35,0.11,0.00
2025-11-10 21:01:01,192.168.1.1,1.29,0.05,0.00
2025-11-10 21:01:14,192.168.1.1,1.43,0.15,0.00
2025-11-10 21:01:27,192.168.1.1,1.41,0.19,0.00
2025-11-10 21:01:40,192.168.1.1,1.25,0.10,0.00
2025-11-10 21:01:53,192.168.1.1,1.26,0.02,0.00
2025-11-10 21:02:06,192.168.1.1,1.23,0.10,0.00
2025-11-10 21:02:19,192.168.1.1,1.34,0.10,0.00
2025-11-10 21:02:32,192.168.1.1,1.21,0.06,0.00
2025-11-10 21:02:45,192.168.1.1,1.40,0.05,0.00
2025-11-10 21:02:58,192.168.1.1,1.33,0.07,0.00
2025-11-10 21:03:11,192.168.1.1,1.33,0.03,0.00
2025-11-10 21:03:24,192.168.1.1,1.38,0.05,0.00
2025-11-10 21:03:37,192.168.1.1,1.39,0.12,0.00
2025-11-10 21:03:50,192.168.1.1,1.34,0.07,0.00
2025-11-10 21:04:03,192.168.1.1,1.71,0.66,0.00
2025-11-10 21:04:16,192.168.1.1,1.33,0.03,0.00
2025-11-10 21:04:29,192.168.1.1,1.33,0.01,0.00
2025-11-10 21:04:42,192.168.1.1,1.32,0.04,0.00
2025-11-10 21:04:55,192.168.1.1,1.19,0.05,0.00
2025-11-10 21:05:08,192.168.1.1,1.35,0.05,0.00
2025-11-10 21:05:21,192.168.1.1,1.34,0.03,0.00
2025-11-10 21:05:34,192.168.1.1,1.37,0.05,0.00
2025-11-10 21:05:47,192.168.1.1,1.38,0.06,0.00
2025-11-10 21:06:00,192.168.1.1,1.38,0.14,0.00
2025-11-10 21:06:13,192.168.1.1,1.38,0.07,0.00
2025-11-10 21:06:26,192.168.1.1,1.32,0.03,0.00
2025-11-10 21:06:39,192.168.1.1,1.48,0.20,0.00
2025-11-10 21:06:52,192.168.1.1,1.34,0.06,0.00
2025-11-10 21:07:05,192.168.1.1,1.23,0.12,0.00
2025-11-10 21:07:18,192.168.1.1,1.26,0.09,0.00
2025-11-10 21:07:31,192.168.1.1,1.37,0.06,0.00
2025-11-10 21:07:44,192.168.1.1,1.40,0.01,0.00
2025-11-10 21:07:57,192.168.1.1,1.34,0.10,0.00
2025-11-10 21:08:10,192.168.1.1,1.33,0.04,0.00
2025-11-10 21:08:23,192.168.1.1,1.31,0.12,0.00
2025-11-10 21:08:36,192.168.1.1,1.49,0.06,0.00
2025-11-10 21:08:49,192.168.1.1,1.36,0.07,0.00
2025-11-10 21:09:02,192.168.1.1,1.36,0.00,0.00
2025-11-10 21:09:15,192.168.1.1,1.38,0.04,0.00
2025-11-10 21:09:28,192.168.1.1,1.48,0.17,0.00
2025-11-10 21:09:41,192.168.1.1,1.42,0.22,0.00
2025-11-10 21:09:54,192.168.1.1,1.30,0.05,0.00
2025-11-10 21:10:07,192.168.1.1,1.30,0.01,0.00
2025-11-10 21:10:20,192.168.1.1,1.31,0.03,0.00
2025-11-10 21:34:52,192.168.1.1,1.24,0.03,0.00
2025-11-10 21:35:05,192.168.1.1,1.28,0.10,0.00
2025-11-10 21:35:18,192.168.1.1,1.34,0.15,0.00
2025-11-10 21:35:31,192.168.1.1,1.32,0.01,0.00
2025-11-10 21:35:44,192.168.1.1,1.37,0.11,0.00
2025-11-10 22:02:24,192.168.1.1,1.32,0.08,0.00
2025-11-10 22:02:37,192.168.1.1,1.21,0.13,0.00
2025-11-10 22:02:50,192.168.1.1,1.28,0.13,0.00
2025-11-10 22:03:03,192.168.1.1,1.25,0.11,0.00
2025-11-10 22:03:16,192.168.1.1,1.32,0.03,0.00
2025-11-10 22:03:29,192.168.1.1,1.34,0.16,0.00
2025-11-10 22:03:42,192.168.1.1,1.39,0.22,0.00
2025-11-10 22:03:55,192.168.1.1,1.34,0.05,0.00
2025-11-10 22:04:08,192.168.1.1,1.37,0.09,0.00
2025-11-10 22:04:21,192.168.1.1,1.35,0.09,0.00
2025-11-10 22:04:34,192.168.1.1,1.39,0.14,0.00
2025-11-10 22:04:47,192.168.1.1,1.19,0.09,0.00
2025-11-10 22:05:00,192.168.1.1,1.28,0.12,0.00
2025-11-10 22:05:14,192.168.1.1,1.38,0.17,0.00
2025-11-10 22:05:27,192.168.1.1,1.34,0.03,0.00
2025-11-10 22:05:40,192.168.1.1,1.14,0.06,0.00
2025-11-10 22:05:53,192.168.1.1,1.41,0.07,0.00
2025-11-10 22:06:06,192.168.1.1,1.22,0.01,0.00
2025-11-10 22:06:19,192.168.1.1,1.55,0.32,0.00
2025-11-10 22:06:32,192.168.1.1,1.29,0.03,0.00
2025-11-10 22:06:45,192.168.1.1,1.39,0.03,0.00
2025-11-10 22:06:58,192.168.1.1,1.40,0.02,0.00
2025-11-10 22:07:11,192.168.1.1,1.25,0.02,0.00
2025-11-10 22:07:24,192.168.1.1,1.29,0.15,0.00
2025-11-10 22:07:37,192.168.1.1,1.40,0.05,0.00
2025-11-10 22:07:50,192.168.1.1,1.38,0.01,0.00
2025-11-10 22:08:03,192.168.1.1,1.31,0.05,0.00
2025-11-10 22:08:16,192.168.1.1,1.38,0.05,0.00
2025-11-10 22:08:29,192.168.1.1,1.35,0.01,0.00
2025-11-10 22:08:42,192.168.1.1,1.36,0.14,0.00
2025-11-10 22:08:55,192.168.1.1,1.32,0.05,0.00
2025-11-10 22:09:08,192.168.1.1,1.11,0.13,0.00
2025-11-10 22:09:21,192.168.1.1,1.30,0.05,0.00
2025-11-10 22:09:34,192.168.1.1,1.30,0.12,0.00
2025-11-10 22:09:47,192.168.1.1,1.23,0.12,0.00
2025-11-10 22:10:00,192.168.1.1,1.38,0.07,0.00
2025-11-10 22:10:13,192.168.1.1,1.34,0.03,0.00
2025-11-10 22:10:26,192.168.1.1,1.34,0.01,0.00
2025-11-10 22:10:39,192.168.1.1,1.40,0.12,0.00
2025-11-10 22:10:52,192.168.1.1,1.42,0.06,0.00
2025-11-10 22:11:05,192.168.1.1,1.19,0.01,0.00
2025-11-10 22:11:18,192.168.1.1,1.37,0.06,0.00
2025-11-10 22:11:31,192.168.1.1,1.38,0.11,0.00
2025-11-10 22:11:44,192.168.1.1,1.38,0.03,0.00
2025-11-10 22:11:57,192.168.1.1,1.45,0.40,0.00
2025-11-10 22:12:10,192.168.1.1,1.31,0.04,0.00
2025-11-10 22:12:23,192.168.1.1,1.31,0.05,0.00
2025-11-10 22:12:36,192.168.1.1,1.31,0.08,0.00
2025-11-10 22:12:49,192.168.1.1,1.34,0.04,0.00
2025-11-10 22:13:02,192.168.1.1,1.40,0.02,0.00
2025-11-10 22:13:15,192.168.1.1,1.35,0.03,0.00
2025-11-10 22:13:28,192.168.1.1,1.34,0.05,0.00
2025-11-10 22:13:41,192.168.1.1,1.38,0.08,0.00
2025-11-10 22:13:54,192.168.1.1,1.41,0.08,0.00
2025-11-10 22:14:07,192.168.1.1,1.18,0.09,0.00
2025-11-10 22:14:20,192.168.1.1,1.25,0.07,0.00
2025-11-10 22:14:33,192.168.1.1,1.17,0.03,0.00
2025-11-10 22:14:46,192.168.1.1,1.39,0.04,0.00
2025-11-10 22:14:59,192.168.1.1,1.37,0.12,0.00
2025-11-10 22:15:12,192.168.1.1,1.28,0.06,0.00
2025-11-10 22:15:25,192.168.1.1,1.28,0.03,0.00
2025-11-10 22:15:38,192.168.1.1,1.33,0.03,0.00
2025-11-10 22:15:51,192.168.1.1,1.37,0.07,0.00
2025-11-10 22:16:04,192.168.1.1,1.23,0.15,0.00
2025-11-10 22:16:17,192.168.1.1,1.21,0.09,0.00
2025-11-10 22:16:30,192.168.1.1,1.39,0.04,0.00
2025-11-10 22:16:43,192.168.1.1,1.32,0.10,0.00
2025-11-10 22:16:56,192.168.1.1,1.21,0.10,0.00
2025-11-10 22:17:09,192.168.1.1,1.24,0.14,0.00
2025-11-10 22:17:22,192.168.1.1,1.29,0.07,0.00
2025-11-10 22:17:35,192.168.1.1,1.91,1.78,0.00
2025-11-10 22:17:48,192.168.1.1,1.36,0.03,0.00
2025-11-10 22:18:01,192.168.1.1,1.45,0.05,0.00
2025-11-10 22:18:14,192.168.1.1,1.25,0.02,0.00
2025-11-10 22:18:27,192.168.1.1,1.35,0.04,0.00
2025-11-10 22:18:40,192.168.1.1,1.41,0.15,0.00
2025-11-10 22:18:53,192.168.1.1,1.40,0.04,0.00
2025-11-10 22:19:06,192.168.1.1,1.25,0.10,0.00
2025-11-10 22:19:19,192.168.1.1,1.30,0.21,0.00
2025-11-10 22:19:32,192.168.1.1,1.35,0.08,0.00
2025-11-10 22:19:45,192.168.1.1,1.34,0.02,0.00
2025-11-10 22:19:58,192.168.1.1,1.40,0.08,0.00
2025-11-10 22:20:11,192.168.1.1,1.34,0.05,0.00
2025-11-10 22:20:24,192.168.1.1,1.27,0.24,0.00
2025-11-10 22:20:37,192.168.1.1,1.29,0.09,0.00
2025-11-10 22:20:50,192.168.1.1,1.30,0.03,0.00
2025-11-10 22:21:03,192.168.1.1,1.28,0.12,0.00
2025-11-10 22:21:16,192.168.1.1,1.40,0.07,0.00
2025-11-10 22:21:29,192.168.1.1,1.37,0.06,0.00
2025-11-10 22:21:42,192.168.1.1,1.19,0.09,0.00
2025-11-10 22:21:55,192.168.1.1,1.30,0.05,0.00
2025-11-10 22:22:08,192.168.1.1,1.27,0.15,0.00
2025-11-10 22:22:21,192.168.1.1,1.43,0.10,0.00
2025-11-10 22:22:34,192.168.1.1,1.30,0.02,0.00
2025-11-10 22:22:47,192.168.1.1,1.23,0.09,0.00
2025-11-10 22:23:00,192.168.1.1,1.39,0.03,0.00
2025-11-10 22:23:13,192.168.1.1,1.35,0.10,0.00
2025-11-10 22:23:26,192.168.1.1,1.90,1.04,0.00
2025-11-10 22:23:39,192.168.1.1,1.34,0.06,0.00
2025-11-10 22:23:52,192.168.1.1,1.38,0.02,0.00
2025-11-10 22:24:05,192.168.1.1,1.29,0.24,0.00
2025-11-10 22:24:18,192.168.1.1,1.37,0.07,0.00
2025-11-10 22:24:31,192.168.1.1,1.38,0.06,0.00
2025-11-10 22:24:44,192.168.1.1,1.24,0.10,0.00
2025-11-10 22:24:57,192.168.1.1,1.37,0.03,0.00
2025-11-10 22:25:10,192.168.1.1,1.31,0.07,0.00
2025-11-10 22:25:23,192.168.1.1,1.33,0.04,0.00
2025-11-10 22:25:36,192.168.1.1,1.34,0.20,0.00
2025-11-10 22:25:49,192.168.1.1,1.35,0.04,0.00
2025-11-10 22:26:02,192.168.1.1,1.24,0.04,0.00
2025-11-10 22:26:15,192.168.1.1,1.37,0.06,0.00
2025-11-10 22:26:28,192.168.1.1,1.31,0.13,0.00
2025-11-10 22:26:41,192.168.1.1,1.37,0.06,0.00
2025-11-10 22:26:54,192.168.1.1,1.23,0.09,0.00
2025-11-10 22:31:19,192.168.1.1,1.31,0.13,0.00
2025-11-10 22:31:32,192.168.1.1,1.47,0.10,0.00
2025-11-10 22:31:45,192.168.1.1,1.40,0.02,0.00
2025-11-10 22:31:58,192.168.1.1,1.38,0.02,0.00
2025-11-10 22:32:11,192.168.1.1,1.35,0.02,0.00
2025-11-10 22:32:24,192.168.1.1,1.33,0.01,0.00
2025-11-10 22:32:37,192.168.1.1,1.97,0.83,0.00
2025-11-10 22:32:50,192.168.1.1,1.33,0.02,0.00
2025-11-10 22:33:03,192.168.1.1,1.31,0.12,0.00
2025-11-10 22:33:16,192.168.1.1,1.36,0.11,0.00
2025-11-10 22:33:29,192.168.1.1,1.32,0.10,0.00
2025-11-10 22:33:42,192.168.1.1,1.24,0.17,0.00
2025-11-10 22:33:55,192.168.1.1,1.32,0.12,0.00
2025-11-10 22:34:08,192.168.1.1,1.17,0.12,0.00
2025-11-10 22:34:21,192.168.1.1,1.34,0.06,0.00
2025-11-10 22:34:34,192.168.1.1,1.34,0.11,0.00
2025-11-10 22:34:47,192.168.1.1,1.38,0.01,0.00
2025-11-10 22:35:00,192.168.1.1,1.23,0.07,0.00
2025-11-10 22:35:13,192.168.1.1,1.35,0.08,0.00
2025-11-10 22:35:26,192.168.1.1,1.41,0.18,0.00
2025-11-10 22:35:39,192.168.1.1,1.34,0.05,0.00
2025-11-10 22:35:52,192.168.1.1,1.37,0.17,0.00
2025-11-10 22:36:05,192.168.1.1,1.23,0.02,0.00
2025-11-10 22:36:18,192.168.1.1,1.30,0.13,0.00
2025-11-10 22:36:31,192.168.1.1,1.43,0.05,0.00
2025-11-10 22:36:44,192.168.1.1,1.38,0.04,0.00
2025-11-10 22:36:57,192.168.1.1,1.30,0.04,0.00
2025-11-10 22:37:10,192.168.1.1,1.18,0.10,0.00
2025-11-10 22:37:23,192.168.1.1,1.41,0.15,0.00
2025-11-10 22:37:36,192.168.1.1,1.41,0.06,0.00
2025-11-10 22:37:49,192.168.1.1,1.40,0.08,0.00
2025-11-10 22:38:02,192.168.1.1,1.33,0.06,0.00
2025-11-10 22:38:15,192.168.1.1,1.34,0.03,0.00
2025-11-10 22:38:28,192.168.1.1,1.27,0.14,0.00
2025-11-10 22:38:41,192.168.1.1,1.32,0.18,0.00
2025-11-10 22:38:54,192.168.1.1,1.32,0.11,0.00
2025-11-10 22:39:07,192.168.1.1,1.16,0.10,0.00
2025-11-10 22:39:20,192.168.1.1,1.36,0.06,0.00
2025-11-10 22:39:33,192.168.1.1,1.39,0.10,0.00
2025-11-10 22:39:46,192.168.1.1,1.33,0.01,0.00
2025-11-10 22:39:59,192.168.1.1,1.36,0.10,0.00
2025-11-10 22:40:12,192.168.1.1,1.34,0.11,0.00
2025-11-10 22:40:25,192.168.1.1,1.42,0.10,0.00
2025-11-10 22:40:38,192.168.1.1,1.32,0.09,0.00
2025-11-10 22:40:51,192.168.1.1,1.17,0.04,0.00
2025-11-10 22:41:04,192.168.1.1,1.23,0.08,0.00
2025-11-10 22:41:17,192.168.1.1,1.37,0.06,0.00
2025-11-10 22:41:30,192.168.1.1,1.40,0.04,0.00
2025-11-10 22:41:43,192.168.1.1,1.36,0.08,0.00
2025-11-10 22:41:56,192.168.1.1,1.45,0.19,0.00
2025-11-10 22:42:09,192.168.1.1,1.37,0.16,0.00
2025-11-10 22:42:22,192.168.1.1,1.37,0.06,0.00
2025-11-10 22:42:35,192.168.1.1,1.46,0.16,0.00
2025-11-10 22:42:48,192.168.1.1,1.36,0.06,0.00
2025-11-10 22:43:01,192.168.1.1,1.37,0.02,0.00
2025-11-10 22:43:14,192.168.1.1,1.17,0.06,0.00
2025-11-10 22:43:27,192.168.1.1,1.21,0.03,0.00
2025-11-10 22:43:40,192.168.1.1,1.33,0.06,0.00
2025-11-10 22:43:53,192.168.1.1,1.37,0.10,0.00
2025-11-10 22:44:06,192.168.1.1,1.15,0.05,0.00
2025-11-10 22:44:19,192.168.1.1,1.32,0.03,0.00
2025-11-10 22:44:32,192.168.1.1,1.33,0.11,0.00
2025-11-10 22:44:45,192.168.1.1,1.25,0.16,0.00
2025-11-10 22:44:58,192.168.1.1,1.33,0.08,0.00
2025-11-10 22:45:11,192.168.1.1,1.35,0.03,0.00
2025-11-10 22:45:24,192.168.1.1,1.51,0.17,0.00
2025-11-10 22:45:37,192.168.1.1,1.19,0.10,0.00
2025-11-10 22:45:50,192.168.1.1,1.14,0.05,0.00
2025-11-10 22:46:03,192.168.1.1,1.26,0.09,0.00
2025-11-10 22:46:16,192.168.1.1,1.29,0.03,0.00
2025-11-10 22:46:29,192.168.1.1,1.45,0.08,0.00
2025-11-10 22:46:42,192.168.1.1,1.29,0.06,0.00
2025-11-10 22:46:55,192.168.1.1,1.32,0.06,0.00
2025-11-10 22:47:08,192.168.1.1,1.37,0.11,0.00
2025-11-10 22:47:21,192.168.1.1,1.35,0.14,0.00
2025-11-10 22:47:34,192.168.1.1,1.30,0.03,0.00
2025-11-10 22:47:47,192.168.1.1,1.37,0.07,0.00
2025-11-10 22:48:00,192.168.1.1,1.32,0.25,0.00
2025-11-10 22:48:13,192.168.1.1,1.23,0.06,0.00
2025-11-10 22:48:26,192.168.1.1,1.32,0.03,0.00
2025-11-10 22:48:39,192.168.1.1,1.37,0.02,0.00
2025-11-10 22:48:52,192.168.1.1,1.78,1.11,0.00
2025-11-10 22:49:05,192.168.1.1,1.20,0.09,0.00
2025-11-10 22:49:18,192.168.1.1,1.40,0.18,0.00
2025-11-10 22:49:31,192.168.1.1,1.35,0.11,0.00
2025-11-10 22:49:44,192.168.1.1,1.30,0.01,0.00
2025-11-10 22:49:57,192.168.1.1,1.32,0.03,0.00
2025-11-10 22:50:11,192.168.1.1,1.35,0.12,0.00
2025-11-10 22:50:24,192.168.1.1,1.32,0.16,0.00
2025-11-10 22:50:37,192.168.1.1,1.17,0.07,0.00
2025-11-10 22:50:50,192.168.1.1,1.35,0.08,0.00
2025-11-10 22:51:03,192.168.1.1,1.29,0.11,0.00
2025-11-10 22:51:16,192.168.1.1,1.43,0.17,0.00
2025-11-10 22:51:29,192.168.1.1,1.40,0.04,0.00
2025-11-10 22:51:42,192.168.1.1,1.37,0.39,0.00
2025-11-10 22:51:55,192.168.1.1,1.22,0.02,0.00
2025-11-10 22:52:08,192.168.1.1,1.20,0.07,0.00
2025-11-10 22:52:21,192.168.1.1,1.22,0.05,0.00
2025-11-10 22:52:34,192.168.1.1,1.20,0.12,0.00
2025-11-10 22:52:47,192.168.1.1,2.49,1.71,0.00
2025-11-10 22:53:00,192.168.1.1,1.06,0.18,0.00
2025-11-10 22:53:13,192.168.1.1,1.28,0.17,0.00
2025-11-10 22:53:26,192.168.1.1,1.30,0.07,0.00
2025-11-10 22:53:39,192.168.1.1,1.22,0.02,0.00
2025-11-10 22:53:52,192.168.1.1,1.32,0.02,0.00
2025-11-10 22:54:05,192.168.1.1,1.26,0.09,0.00
2025-11-10 22:54:18,192.168.1.1,1.50,0.06,0.00
2025-11-10 22:54:31,192.168.1.1,1.26,0.17,0.00
2025-11-10 22:54:44,192.168.1.1,1.39,0.10,0.00
2025-11-10 22:54:57,192.168.1.1,1.39,0.13,0.00
2025-11-10 22:55:10,192.168.1.1,1.39,0.03,0.00
2025-11-10 22:55:23,192.168.1.1,1.45,0.09,0.00
2025-11-10 22:55:36,192.168.1.1,1.28,0.10,0.00
2025-11-10 22:55:49,192.168.1.1,1.34,0.04,0.00
2025-11-10 22:56:02,192.168.1.1,1.38,0.06,0.00
2025-11-10 22:56:15,192.168.1.1,1.36,0.08,0.00
2025-11-10 22:56:28,192.168.1.1,1.40,0.13,0.00
2025-11-10 22:56:41,192.168.1.1,1.32,0.02,0.00
2025-11-10 22:56:54,192.168.1.1,1.27,0.11,0.00
2025-11-10 22:57:07,192.168.1.1,1.33,0.14,0.00
2025-11-10 22:57:20,192.168.1.1,1.37,0.13,0.00
2025-11-10 22:57:33,192.168.1.1,1.39,0.06,0.00
2025-11-10 22:57:46,192.168.1.1,1.35,0.07,0.00
2025-11-10 22:57:59,192.168.1.1,1.23,0.09,0.00
2025-11-10 22:58:12,192.168.1.1,1.44,0.12,0.00
2025-11-10 22:58:25,192.168.1.1,1.38,0.09,0.00
2025-11-10 22:58:38,192.168.1.1,1.32,0.01,0.00
2025-11-10 22:58:51,192.168.1.1,1.33,0.02,0.00
2025-11-10 22:59:04,192.168.1.1,1.22,0.10,0.00
2025-11-10 22:59:17,192.168.1.1,1.34,0.15,0.00
2025-11-10 22:59:30,192.168.1.1,1.41,0.16,0.00
2025-11-10 22:59:43,192.168.1.1,1.36,0.09,0.00
2025-11-10 22:59:56,192.168.1.1,1.32,0.08,0.00
2025-11-10 23:00:09,192.168.1.1,1.28,0.11,0.00
2025-11-10 23:00:22,192.168.1.1,1.29,0.14,0.00
2025-11-10 23:00:35,192.168.1.1,1.39,0.05,0.00
2025-11-10 23:00:48,192.168.1.1,1.32,0.01,0.00
2025-11-10 23:01:01,192.168.1.1,1.31,0.03,0.00
2025-11-10 23:01:14,192.168.1.1,1.33,0.04,0.00
2025-11-10 23:01:27,192.168.1.1,1.38,0.17,0.00
2025-11-10 23:01:40,192.168.1.1,1.34,0.11,0.00
2025-11-10 23:01:53,192.168.1.1,1.33,0.03,0.00
2025-11-10 23:02:06,192.168.1.1,2.09,1.43,0.00
2025-11-10 23:02:19,192.168.1.1,1.34,0.08,0.00
2025-11-10 23:02:32,192.168.1.1,1.36,0.13,0.00
2025-11-10 23:02:45,192.168.1.1,4.39,1.16,0.00
2025-11-10 23:02:58,192.168.1.1,1.25,0.01,0.00
2025-11-10 23:03:11,192.168.1.1,1.17,0.02,0.00
2025-11-10 23:03:24,192.168.1.1,1.21,0.01,0.00
2025-11-10 23:03:37,192.168.1.1,1.24,0.08,0.00
2025-11-10 23:03:50,192.168.1.1,1.22,0.07,0.00
2025-11-10 23:04:03,192.168.1.1,1.30,0.10,0.00
2025-11-10 23:04:16,192.168.1.1,1.36,0.11,0.00
2025-11-10 23:04:29,192.168.1.1,1.38,0.10,0.00
2025-11-10 23:04:42,192.168.1.1,1.37,0.12,0.00
2025-11-10 23:04:55,192.168.1.1,1.23,0.06,0.00
2025-11-10 23:05:08,192.168.1.1,1.23,0.05,0.00
2025-11-10 23:05:21,192.168.1.1,1.25,0.06,0.00
2025-11-10 23:05:34,192.168.1.1,1.47,0.18,0.00
2025-11-10 23:05:47,192.168.1.1,1.36,0.10,0.00
2025-11-10 23:06:00,192.168.1.1,1.33,0.02,0.00
2025-11-10 23:06:13,192.168.1.1,1.32,0.02,0.00
2025-11-10 23:06:26,192.168.1.1,1.39,0.03,0.00
2025-11-10 23:06:39,192.168.1.1,1.39,0.17,0.00
2025-11-10 23:06:52,192.168.1.1,1.37,0.03,0.00
2025-11-10 23:07:05,192.168.1.1,1.20,0.08,0.00
2025-11-10 23:07:18,192.168.1.1,1.37,0.02,0.00
2025-11-10 23:07:31,192.168.1.1,1.25,0.03,0.00
2025-11-10 23:07:44,192.168.1.1,1.37,0.18,0.00
2025-11-10 23:07:57,192.168.1.1,1.30,0.03,0.00
2025-11-10 23:08:10,192.168.1.1,1.40,0.20,0.00
2025-11-10 23:08:23,192.168.1.1,1.36,0.09,0.00
2025-11-10 23:08:36,192.168.1.1,1.39,0.20,0.00
2025-11-10 23:08:49,192.168.1.1,1.45,0.16,0.00
2025-11-10 23:09:02,192.168.1.1,1.32,0.09,0.00
2025-11-10 23:09:15,192.168.1.1,1.35,0.11,0.00
2025-11-10 23:09:28,192.168.1.1,1.30,0.01,0.00
2025-11-10 23:09:41,192.168.1.1,1.38,0.02,0.00
2025-11-10 23:09:54,192.168.1.1,2.37,1.80,0.00
2025-11-10 23:10:07,192.168.1.1,1.21,0.11,0.00
2025-11-10 23:10:20,192.168.1.1,1.37,0.11,0.00
2025-11-10 23:10:33,192.168.1.1,1.51,0.32,0.00
2025-11-10 23:10:46,192.168.1.1,1.32,0.04,0.00
2025-11-10 23:10:59,192.168.1.1,1.30,0.23,0.00
2025-11-10 23:11:12,192.168.1.1,1.38,0.11,0.00
2025-11-10 23:11:25,192.168.1.1,1.45,0.18,0.00
2025-11-10 23:11:38,192.168.1.1,1.33,0.06,0.00
2025-11-10 23:11:51,192.168.1.1,1.35,0.18,0.00
2025-11-10 23:12:04,192.168.1.1,1.21,0.40,0.00
2025-11-10 23:12:17,192.168.1.1,1.23,0.14,0.00
2025-11-10 23:12:30,192.168.1.1,1.42,0.06,0.00
2025-11-10 23:12:43,192.168.1.1,1.31,0.05,0.00
2025-11-10 23:12:56,192.168.1.1,1.32,0.01,0.00
2025-11-10 23:13:09,192.168.1.1,1.33,0.05,0.00
2025-11-10 23:13:22,192.168.1.1,1.27,0.11,0.00
2025-11-10 23:13:35,192.168.1.1,1.40,0.26,0.00
2025-11-10 23:13:48,192.168.1.1,1.31,0.06,0.00
2025-11-10 23:14:01,192.168.1.1,1.33,0.04,0.00
2025-11-10 23:43:33,192.168.1.1,1.25,0.12,0.00
2025-11-10 23:43:46,192.168.1.1,1.19,0.07,0.00
2025-11-10 23:43:59,192.168.1.1,1.32,0.07,0.00
2025-11-10 23:44:12,192.168.1.1,1.34,0.04,0.00
2025-11-10 23:44:25,192.168.1.1,1.28,0.07,0.00
2025-11-10 23:44:38,192.168.1.1,1.31,0.06,0.00
2025-11-10 23:44:51,192.168.1.1,1.27,0.02,0.00
2025-11-10 23:45:04,192.168.1.1,1.28,0.21,0.00
2025-11-10 23:45:17,192.168.1.1,1.35,0.02,0.00
2025-11-10 23:45:30,192.168.1.1,1.35,0.05,0.00
2025-11-10 23:45:43,192.168.1.1,1.35,0.06,0.00
2025-11-10 23:45:56,192.168.1.1,1.19,0.02,0.00
2025-11-10 23:46:09,192.168.1.1,1.27,0.08,0.00
2025-11-10 23:46:22,192.168.1.1,1.32,0.04,0.00
2025-11-10 23:46:35,192.168.1.1,1.37,0.07,0.00
2025-11-10 23:46:48,192.168.1.1,1.30,0.04,0.00
2025-11-10 23:47:01,192.168.1.1,1.38,0.07,0.00
2025-11-10 23:47:14,192.168.1.1,1.33,0.04,0.00
2025-11-10 23:47:27,192.168.1.1,1.37,0.07,0.00
2025-11-10 23:47:40,192.168.1.1,1.31,0.03,0.00
2025-11-10 23:47:53,192.168.1.1,1.36,0.19,0.00
2025-11-10 23:48:06,192.168.1.1,1.18,0.03,0.00
2025-11-10 23:48:19,192.168.1.1,1.17,0.07,0.00
2025-11-10 23:48:32,192.168.1.1,1.20,0.05,0.00
2025-11-10 23:48:45,192.168.1.1,1.38,0.10,0.00
2025-11-10 23:48:58,192.168.1.1,1.35,0.03,0.00
2025-11-10 23:49:11,192.168.1.1,1.36,0.09,0.00
2025-11-10 23:49:24,192.168.1.1,1.39,0.02,0.00
2025-11-10 23:49:37,192.168.1.1,1.35,0.05,0.00
2025-11-10 23:49:50,192.168.1.1,1.37,0.06,0.00
2025-11-10 23:50:03,192.168.1.1,1.38,0.18,0.00
2025-11-10 23:50:16,192.168.1.1,1.36,0.05,0.00
2025-11-10 23:50:29,192.168.1.1,1.33,0.03,0.00
2025-11-10 23:50:42,192.168.1.1,1.24,0.14,0.00
2025-11-10 23:50:55,192.168.1.1,1.16,0.02,0.00
2025-11-10 23:51:08,192.168.1.1,1.34,0.16,0.00
2025-11-10 23:51:21,192.168.1.1,1.36,0.08,0.00
2025-11-10 23:51:34,192.168.1.1,1.37,0.09,0.00
2025-11-10 23:51:47,192.168.1.1,1.38,0.09,0.00
2025-11-10 23:52:00,192.168.1.1,1.37,0.05,0.00
2025-11-10 23:52:13,192.168.1.1,1.39,0.06,0.00
2025-11-10 23:52:26,192.168.1.1,1.36,0.09,0.00
2025-11-10 23:52:39,192.168.1.1,1.39,0.06,0.00
2025-11-10 23:52:52,192.168.1.1,1.40,0.10,0.00
2025-11-10 23:53:05,192.168.1.1,1.17,0.01,0.00
2025-11-10 23:53:18,192.168.1.1,1.21,0.09,0.00
2025-11-10 23:53:31,192.168.1.1,3.56,6.77,0.00
2025-11-10 23:53:44,192.168.1.1,1.69,1.00,0.00
2025-11-10 23:53:57,192.168.1.1,1.42,0.15,0.00
2025-11-10 23:54:10,192.168.1.1,1.33,0.03,0.00
2025-11-10 23:54:23,192.168.1.1,1.38,0.06,0.00
2025-11-10 23:54:36,192.168.1.1,1.38,0.05,0.00
2025-11-10 23:54:49,192.168.1.1,1.31,0.06,0.00
2025-11-10 23:55:02,192.168.1.1,1.36,0.07,0.00
2025-11-10 23:55:15,192.168.1.1,1.33,0.03,0.00
2025-11-10 23:55:28,192.168.1.1,1.24,0.08,0.00
2025-11-10 23:55:41,192.168.1.1,1.22,0.03,0.00
2025-11-10 23:55:54,192.168.1.1,1.36,0.02,0.00
2025-11-10 23:56:07,192.168.1.1,1.26,0.22,0.00
2025-11-10 23:56:20,192.168.1.1,1.35,0.12,0.00
2025-11-10 23:56:33,192.168.1.1,1.43,0.20,0.00
2025-11-10 23:56:46,192.168.1.1,1.38,0.18,0.00
2025-11-10 23:56:59,192.168.1.1,1.44,0.09,0.00
2025-11-10 23:57:12,192.168.1.1,1.36,0.03,0.00
2025-11-10 23:57:25,192.168.1.1,1.39,0.00,0.00
2025-11-10 23:57:38,192.168.1.1,1.36,0.04,0.00
2025-11-10 23:57:51,192.168.1.1,1.35,0.18,0.00
2025-11-10 23:58:04,192.168.1.1,1.29,0.07,0.00
2025-11-10 23:58:17,192.168.1.1,1.34,0.11,0.00
2025-11-11 00:17:06,192.168.1.1,1.19,0.07,0.00
2025-11-11 00:17:19,192.168.1.1,1.34,0.01,0.00
2025-11-11 00:17:32,192.168.1.1,1.35,0.02,0.00
2025-11-11 00:17:45,192.168.1.1,1.33,0.04,0.00
2025-11-11 00:17:58,192.168.1.1,1.32,0.02,0.00
2025-11-11 00:18:11,192.168.1.1,1.33,0.09,0.00
2025-11-11 00:18:24,192.168.1.1,1.47,0.11,0.00
2025-11-11 00:18:37,192.168.1.1,1.32,0.02,0.00
2025-11-11 00:18:50,192.168.1.1,1.37,0.03,0.00
2025-11-11 00:19:03,192.168.1.1,1.26,0.12,0.00
2025-11-11 00:19:16,192.168.1.1,1.30,0.12,0.00
2025-11-11 00:19:29,192.168.1.1,1.15,0.06,0.00
2025-11-11 00:19:42,192.168.1.1,1.27,0.01,0.00
2025-11-11 00:19:55,192.168.1.1,1.34,0.16,0.00
2025-11-11 00:20:08,192.168.1.1,1.18,0.10,0.00
2025-11-11 00:20:21,192.168.1.1,1.32,0.02,0.00
2025-11-11 00:20:34,192.168.1.1,1.36,0.06,0.00
2025-11-11 00:20:47,192.168.1.1,1.29,0.10,0.00
2025-11-11 00:21:00,192.168.1.1,1.19,0.27,0.00
2025-11-11 00:21:13,192.168.1.1,1.33,0.09,0.00
2025-11-11 00:21:26,192.168.1.1,1.28,0.02,0.00
2025-11-11 00:21:39,192.168.1.1,1.30,0.07,0.00
2025-11-11 00:21:52,192.168.1.1,1.29,0.12,0.00
2025-11-11 00:22:05,192.168.1.1,1.32,0.12,0.00
2025-11-11 00:22:18,192.168.1.1,1.30,0.03,0.00
2025-11-11 00:22:31,192.168.1.1,1.31,0.02,0.00
2025-11-11 00:22:44,192.168.1.1,1.34,0.02,0.00
2025-11-11 00:22:57,192.168.1.1,1.36,0.18,0.00
2025-11-11 00:23:10,192.168.1.1,1.45,0.05,0.00
2025-11-11 00:23:23,192.168.1.1,1.36,0.22,0.00
2025-11-11 00:23:36,192.168.1.1,1.32,0.02,0.00
2025-11-11 00:23:49,192.168.1.1,1.33,0.09,0.00
2025-11-11 00:24:02,192.168.1.1,1.39,0.15,0.00
2025-11-11 00:24:15,192.168.1.1,1.40,0.11,0.00
2025-11-11 00:24:28,192.168.1.1,1.25,0.05,0.00
2025-11-11 00:24:41,192.168.1.1,1.34,0.01,0.00
2025-11-11 00:24:54,192.168.1.1,1.35,0.05,0.00
2025-11-11 00:25:07,192.168.1.1,1.28,0.16,0.00
2025-11-11 00:25:20,192.168.1.1,1.38,0.04,0.00
2025-11-11 00:25:33,192.168.1.1,1.35,0.07,0.00
2025-11-11 00:25:46,192.168.1.1,1.32,0.02,0.00
2025-11-11 00:26:00,192.168.1.1,1.33,0.13,0.00
2025-11-11 00:26:13,192.168.1.1,1.29,0.10,0.00
2025-11-11 00:26:26,192.168.1.1,1.30,0.06,0.00
2025-11-11 00:26:39,192.168.1.1,1.37,0.07,0.00
2025-11-11 00:26:52,192.168.1.1,1.26,0.14,0.00
2025-11-11 00:27:05,192.168.1.1,1.18,0.05,0.00
2025-11-11 00:27:18,192.168.1.1,1.32,0.06,0.00
2025-11-11 00:27:31,192.168.1.1,1.34,0.05,0.00
2025-11-11 00:27:44,192.168.1.1,1.28,0.05,0.00
2025-11-11 00:27:57,192.168.1.1,1.20,0.12,0.00
2025-11-11 00:28:10,192.168.1.1,1.39,0.17,0.00
2025-11-11 00:28:23,192.168.1.1,1.34,0.07,0.00
2025-11-11 00:28:36,192.168.1.1,1.42,0.13,0.00
2025-11-11 00:28:49,192.168.1.1,1.29,0.03,0.00
2025-11-11 00:29:02,192.168.1.1,1.33,0.05,0.00
2025-11-11 00:29:15,192.168.1.1,1.32,0.01,0.00
2025-11-11 00:29:28,192.168.1.1,1.39,0.09,0.00
2025-11-11 00:29:41,192.168.1.1,1.33,0.01,0.00
2025-11-11 00:29:54,192.168.1.1,1.29,0.03,0.00
2025-11-11 00:30:07,192.168.1.1,1.18,0.03,0.00
2025-11-11 00:30:20,192.168.1.1,1.33,0.05,0.00
2025-11-11 00:30:33,192.168.1.1,1.34,0.12,0.00
2025-11-11 00:30:46,192.168.1.1,1.34,0.13,0.00
2025-11-11 00:30:59,192.168.1.1,1.33,0.04,0.00
2025-11-11 00:31:12,192.168.1.1,1.34,0.04,0.00
2025-11-11 00:31:25,192.168.1.1,1.33,0.03,0.00
2025-11-11 00:31:38,192.168.1.1,1.35,0.08,0.00
2025-11-11 00:31:51,192.168.1.1,1.37,0.08,0.00
2025-11-11 00:32:04,192.168.1.1,1.22,0.07,0.00
2025-11-11 00:32:17,192.168.1.1,1.41,0.09,0.00
2025-11-11 00:32:30,192.168.1.1,1.39,0.01,0.00
2025-11-11 00:32:43,192.168.1.1,1.14,0.03,0.00
2025-11-11 00:32:56,192.168.1.1,1.42,0.26,0.00
2025-11-11 00:33:09,192.168.1.1,1.41,0.03,0.00
2025-11-11 00:33:22,192.168.1.1,1.41,0.07,0.00
2025-11-11 00:33:35,192.168.1.1,1.43,0.02,0.00
2025-11-11 00:33:48,192.168.1.1,1.34,0.08,0.00
2025-11-11 00:34:01,192.168.1.1,1.32,0.04,0.00
2025-11-11 00:34:14,192.168.1.1,1.36,0.13,0.00
2025-11-11 00:34:27,192.168.1.1,1.45,0.17,0.00
2025-11-11 00:34:40,192.168.1.1,1.37,0.06,0.00
2025-11-11 00:34:53,192.168.1.1,1.31,0.02,0.00
2025-11-11 00:35:06,192.168.1.1,1.15,0.05,0.00
2025-11-11 00:35:19,192.168.1.1,1.25,0.06,0.00
2025-11-11 00:35:32,192.168.1.1,1.33,0.03,0.00
2025-11-11 00:35:45,192.168.1.1,1.42,0.07,0.00
2025-11-11 00:35:58,192.168.1.1,1.28,0.08,0.00
2025-11-11 00:36:11,192.168.1.1,1.34,0.03,0.00
2025-11-11 00:36:24,192.168.1.1,1.41,0.07,0.00
2025-11-11 00:36:37,192.168.1.1,1.42,0.18,0.00
2025-11-11 00:36:50,192.168.1.1,1.39,0.15,0.00
2025-11-11 00:37:03,192.168.1.1,1.22,0.06,0.00
2025-11-11 00:37:16,192.168.1.1,1.32,0.03,0.00
2025-11-11 00:37:29,192.168.1.1,1.29,0.09,0.00
2025-11-11 00:37:42,192.168.1.1,1.13,0.05,0.00
2025-11-11 00:37:55,192.168.1.1,1.38,0.08,0.00
2025-11-11 00:38:08,192.168.1.1,1.32,0.15,0.00
2025-11-11 00:38:21,192.168.1.1,1.51,0.07,0.00
2025-11-11 00:38:34,192.168.1.1,1.37,0.06,0.00
2025-11-11 00:38:47,192.168.1.1,1.37,0.23,0.00
2025-11-11 00:39:00,192.168.1.1,1.36,0.14,0.00
2025-11-11 00:39:13,192.168.1.1,1.36,0.02,0.00
2025-11-11 00:39:26,192.168.1.1,1.43,0.04,0.00
2025-11-11 00:39:39,192.168.1.1,1.40,0.08,0.00
2025-11-11 00:39:52,192.168.1.1,1.34,0.22,0.00
2025-11-11 00:40:05,192.168.1.1,1.16,0.02,0.00
2025-11-11 00:40:18,192.168.1.1,1.34,0.04,0.00
2025-11-11 00:40:31,192.168.1.1,1.35,0.09,0.00
2025-11-11 00:40:44,192.168.1.1,1.38,0.09,0.00
2025-11-11 00:40:57,192.168.1.1,1.38,0.02,0.00
2025-11-11 00:41:10,192.168.1.1,1.40,0.06,0.00
2025-11-11 00:41:23,192.168.1.1,1.37,0.04,0.00
2025-11-11 00:41:36,192.168.1.1,1.36,0.12,0.00
2025-11-11 00:41:49,192.168.1.1,1.66,0.34,0.00
2025-11-11 00:42:02,192.168.1.1,1.32,0.14,0.00
2025-11-11 00:42:15,192.168.1.1,1.35,0.08,0.00
2025-11-11 00:42:28,192.168.1.1,1.20,0.01,0.00
2025-11-11 00:42:41,192.168.1.1,1.54,0.18,0.00
2025-11-11 00:42:54,192.168.1.1,1.45,0.10,0.00
2025-11-11 00:43:07,192.168.1.1,1.28,0.12,0.00
2025-11-11 00:43:20,192.168.1.1,1.33,0.04,0.00
2025-11-11 00:43:33,192.168.1.1,1.31,0.01,0.00
2025-11-11 00:43:46,192.168.1.1,1.42,0.09,0.00
2025-11-11 00:43:59,192.168.1.1,1.40,0.03,0.00
2025-11-11 00:44:12,192.168.1.1,1.36,0.10,0.00
2025-11-11 00:44:25,192.168.1.1,1.37,0.05,0.00
2025-11-11 00:44:38,192.168.1.1,1.27,0.09,0.00
2025-11-11 00:44:51,192.168.1.1,1.17,0.04,0.00
2025-11-11 00:45:04,192.168.1.1,1.23,0.09,0.00
2025-11-11 00:45:17,192.168.1.1,1.58,0.45,0.00
2025-11-11 00:45:30,192.168.1.1,1.34,0.03,0.00
2025-11-11 00:45:43,192.168.1.1,1.33,0.08,0.00
2025-11-11 00:45:56,192.168.1.1,1.40,0.07,0.00
2025-11-11 00:46:09,192.168.1.1,1.54,0.42,0.00
2025-11-11 00:46:22,192.168.1.1,1.38,0.10,0.00
2025-11-11 00:46:35,192.168.1.1,1.38,0.06,0.00
2025-11-11 00:46:48,192.168.1.1,1.33,0.08,0.00
2025-11-11 00:47:01,192.168.1.1,1.33,0.13,0.00
2025-11-11 00:47:14,192.168.1.1,1.21,0.03,0.00
2025-11-11 00:47:27,192.168.1.1,1.36,0.13,0.00
2025-11-11 00:47:40,192.168.1.1,1.45,0.11,0.00
2025-11-11 00:47:53,192.168.1.1,1.38,0.06,0.00
2025-11-11 00:48:06,192.168.1.1,1.18,0.03,0.00
2025-11-11 00:48:19,192.168.1.1,1.25,0.09,0.00
2025-11-11 00:48:32,192.168.1.1,1.39,0.06,0.00
2025-11-11 00:48:45,192.168.1.1,1.46,0.25,0.00
2025-11-11 00:48:58,192.168.1.1,1.42,0.15,0.00
2025-11-11 00:49:11,192.168.1.1,1.34,0.08,0.00
2025-11-11 00:49:24,192.168.1.1,1.41,0.10,0.00
2025-11-11 00:49:37,192.168.1.1,1.41,0.41,0.00
2025-11-11 00:49:50,192.168.1.1,1.33,0.02,0.00
2025-11-11 00:50:03,192.168.1.1,1.70,0.77,0.00
2025-11-11 00:50:16,192.168.1.1,1.22,0.08,0.00
2025-11-11 00:50:29,192.168.1.1,1.35,0.14,0.00
2025-11-11 00:50:42,192.168.1.1,1.30,0.19,0.00
2025-11-11 00:50:55,192.168.1.1,1.38,0.10,0.00
2025-11-11 00:51:08,192.168.1.1,1.33,0.03,0.00
2025-11-11 00:51:22,192.168.1.1,1.30,0.02,0.00
2025-11-11 00:51:35,192.168.1.1,1.35,0.06,0.00
2025-11-11 00:51:48,192.168.1.1,1.39,0.16,0.00
2025-11-11 00:52:01,192.168.1.1,1.34,0.18,0.00
2025-11-11 00:52:14,192.168.1.1,1.39,0.03,0.00
2025-11-11 00:52:27,192.168.1.1,1.34,0.01,0.00
2025-11-11 00:52:40,192.168.1.1,1.33,0.09,0.00
2025-11-11 00:52:53,192.168.1.1,1.47,0.09,0.00
2025-11-11 00:53:06,192.168.1.1,1.27,0.09,0.00
2025-11-11 00:53:19,192.168.1.1,1.33,0.07,0.00
2025-11-11 00:53:32,192.168.1.1,1.35,0.07,0.00
2025-11-11 00:53:45,192.168.1.1,1.31,0.03,0.00
2025-11-11 00:53:58,192.168.1.1,1.36,0.16,0.00
2025-11-11 00:54:11,192.168.1.1,1.40,0.11,0.00
2025-11-11 00:54:24,192.168.1.1,1.42,0.28,0.00
2025-11-11 00:54:37,192.168.1.1,1.41,0.05,0.00
2025-11-11 00:54:50,192.168.1.1,1.33,0.05,0.00
2025-11-11 00:55:03,192.168.1.1,1.33,0.27,0.00
2025-11-11 00:55:16,192.168.1.1,1.45,0.19,0.00
2025-11-11 00:55:29,192.168.1.1,1.32,0.30,0.00
2025-11-11 00:55:42,192.168.1.1,1.40,0.11,0.00
2025-11-11 00:55:55,192.168.1.1,1.56,0.26,0.00
2025-11-11 00:56:08,192.168.1.1,1.19,0.09,0.00
2025-11-11 00:56:21,192.168.1.1,1.17,0.32,0.00
2025-11-11 00:56:34,192.168.1.1,1.35,0.01,0.00
2025-11-11 00:56:47,192.168.1.1,1.36,0.21,0.00
2025-11-11 00:57:00,192.168.1.1,1.39,0.05,0.00
2025-11-11 00:57:13,192.168.1.1,1.40,0.06,0.00
2025-11-11 00:57:26,192.168.1.1,1.47,0.37,0.00
2025-11-11 00:57:39,192.168.1.1,1.30,0.03,0.00
2025-11-11 00:57:52,192.168.1.1,1.19,0.08,0.00
2025-11-11 00:58:05,192.168.1.1,1.31,0.11,0.00
2025-11-11 00:58:18,192.168.1.1,1.41,0.06,0.00
2025-11-11 00:58:31,192.168.1.1,1.34,0.08,0.00
2025-11-11 00:58:44,192.168.1.1,1.39,0.08,0.00
2025-11-11 00:58:57,192.168.1.1,1.36,0.05,0.00
2025-11-11 00:59:10,192.168.1.1,1.38,0.03,0.00
2025-11-11 00:59:23,192.168.1.1,1.52,0.09,0.00
2025-11-11 00:59:36,192.168.1.1,1.35,0.13,0.00
2025-11-11 00:59:49,192.168.1.1,1.38,0.11,0.00
2025-11-11 01:00:02,192.168.1.1,1.41,0.06,0.00
2025-11-11 01:00:15,192.168.1.1,1.16,0.11,0.00
2025-11-11 01:00:28,192.168.1.1,1.32,0.17,0.00
2025-11-11 01:00:41,192.168.1.1,1.42,0.08,0.00
2025-11-11 01:00:54,192.168.1.1,1.28,0.09,0.00
2025-11-11 01:01:07,192.168.1.1,1.20,0.16,0.00
2025-11-11 01:01:20,192.168.1.1,1.31,0.01,0.00
2025-11-11 01:01:33,192.168.1.1,1.37,0.05,0.00
2025-11-11 01:01:46,192.168.1.1,1.49,0.04,0.00
2025-11-11 01:01:59,192.168.1.1,1.35,0.07,0.00
2025-11-11 01:02:12,192.168.1.1,1.44,0.08,0.00
2025-11-11 01:02:25,192.168.1.1,1.34,0.02,0.00
2025-11-11 01:02:38,192.168.1.1,1.24,0.09,0.00
2025-11-11 01:02:51,192.168.1.1,1.26,0.10,0.00
2025-11-11 01:03:04,192.168.1.1,1.25,0.07,0.00
2025-11-11 01:03:17,192.168.1.1,1.38,0.16,0.00
2025-11-11 01:03:30,192.168.1.1,1.39,0.07,0.00
2025-11-11 01:03:43,192.168.1.1,1.34,0.03,0.00
2025-11-11 01:03:56,192.168.1.1,1.42,0.07,0.00
2025-11-11 01:04:09,192.168.1.1,1.36,0.08,0.00
2025-11-11 01:04:22,192.168.1.1,1.33,0.04,0.00
2025-11-11 01:04:35,192.168.1.1,1.33,0.05,0.00
2025-11-11 01:04:48,192.168.1.1,1.39,0.12,0.00
2025-11-11 01:05:01,192.168.1.1,1.29,0.10,0.00
2025-11-11 01:05:14,192.168.1.1,1.17,0.04,0.00
2025-11-11 01:05:27,192.168.1.1,1.37,0.03,0.00
2025-11-11 01:05:40,192.168.1.1,1.37,0.05,0.00
2025-11-11 01:05:53,192.168.1.1,1.37,0.06,0.00
2025-11-11 01:06:06,192.168.1.1,1.28,0.21,0.00
2025-11-11 01:06:19,192.168.1.1,1.23,0.12,0.00
2025-11-11 01:06:32,192.168.1.1,1.39,0.08,0.00
2025-11-11 01:06:45,192.168.1.1,1.29,0.21,0.00
2025-11-11 01:06:58,192.168.1.1,1.14,0.02,0.00
2025-11-11 01:07:11,192.168.1.1,1.18,0.04,0.00
2025-11-11 01:07:24,192.168.1.1,1.43,0.16,0.00
2025-11-11 01:07:37,192.168.1.1,1.18,0.02,0.00
2025-11-11 01:07:50,192.168.1.1,1.42,0.10,0.00
2025-11-11 01:08:03,192.168.1.1,1.38,0.04,0.00
2025-11-11 01:08:16,192.168.1.1,1.41,0.14,0.00
2025-11-11 01:08:29,192.168.1.1,1.37,0.01,0.00
2025-11-11 01:08:42,192.168.1.1,1.41,0.06,0.00
2025-11-11 01:08:55,192.168.1.1,1.28,0.01,0.00
2025-11-11 01:09:08,192.168.1.1,1.28,0.05,0.00
2025-11-11 01:09:21,192.168.1.1,1.41,0.11,0.00
2025-11-11 01:09:34,192.168.1.1,1.37,0.05,0.00
2025-11-11 01:09:47,192.168.1.1,1.34,0.07,0.00
2025-11-11 01:10:00,192.168.1.1,1.37,0.49,0.00
2025-11-11 01:10:13,192.168.1.1,1.37,0.16,0.00
2025-11-11 01:10:26,192.168.1.1,1.40,0.11,0.00
2025-11-11 01:10:39,192.168.1.1,1.34,0.09,0.00
2025-11-11 01:10:52,192.168.1.1,1.36,0.05,0.00
2025-11-11 01:11:05,192.168.1.1,1.30,0.09,0.00
2025-11-11 01:11:18,192.168.1.1,1.33,0.06,0.00
2025-11-11 01:11:31,192.168.1.1,1.33,0.05,0.00
2025-11-11 01:11:44,192.168.1.1,1.37,0.21,0.00
2025-11-11 01:11:57,192.168.1.1,1.29,0.14,0.00
2025-11-11 01:12:10,192.168.1.1,1.32,0.21,0.00
2025-11-11 01:12:23,192.168.1.1,1.22,0.11,0.00
2025-11-11 01:12:36,192.168.1.1,1.37,0.08,0.00
2025-11-11 01:12:49,192.168.1.1,1.45,0.11,0.00
2025-11-11 01:13:02,192.168.1.1,1.40,0.05,0.00
2025-11-11 01:13:15,192.168.1.1,1.40,0.08,0.00
2025-11-11 01:13:28,192.168.1.1,1.23,0.06,0.00
2025-11-11 01:13:41,192.168.1.1,1.35,0.13,0.00
2025-11-11 01:13:54,192.168.1.1,1.34,0.08,0.00
2025-11-11 01:14:07,192.168.1.1,1.32,0.25,0.00
2025-11-11 01:14:20,192.168.1.1,1.39,0.11,0.00
2025-11-11 01:14:33,192.168.1.1,1.28,0.15,0.00
2025-11-11 01:14:46,192.168.1.1,1.36,0.14,0.00
2025-11-11 01:14:59,192.168.1.1,1.33,0.04,0.00
2025-11-11 01:15:12,192.168.1.1,1.43,0.11,0.00
2025-11-11 01:15:25,192.168.1.1,1.40,0.08,0.00
2025-11-11 01:15:38,192.168.1.1,1.38,0.05,0.00
2025-11-11 01:15:51,192.168.1.1,1.31,0.01,0.00
2025-11-11 01:16:04,192.168.1.1,1.37,0.05,0.00
2025-11-11 01:16:17,192.168.1.1,1.29,0.03,0.00
2025-11-11 01:16:30,192.168.1.1,1.35,0.08,0.00
2025-11-11 01:16:44,192.168.1.1,1.29,0.19,0.00
2025-11-11 01:16:57,192.168.1.1,1.44,0.18,0.00
2025-11-11 01:17:10,192.168.1.1,1.28,0.08,0.00
2025-11-11 01:17:23,192.168.1.1,1.32,0.04,0.00
2025-11-11 01:17:36,192.168.1.1,1.43,0.11,0.00
2025-11-11 01:17:49,192.168.1.1,1.44,0.08,0.00
2025-11-11 01:18:02,192.168.1.1,1.37,0.04,0.00
2025-11-11 01:18:15,192.168.1.1,1.32,0.35,0.00
2025-11-11 01:18:28,192.168.1.1,1.37,0.19,0.00
2025-11-11 01:18:41,192.168.1.1,1.31,0.02,0.00
2025-11-11 01:18:54,192.168.1.1,1.32,0.07,0.00
2025-11-11 01:19:07,192.168.1.1,1.22,0.07,0.00
2025-11-11 01:19:20,192.168.1.1,1.48,0.23,0.00
2025-11-11 01:19:33,192.168.1.1,1.28,0.05,0.00
2025-11-11 01:19:46,192.168.1.1,1.34,0.02,0.00
2025-11-11 01:19:59,192.168.1.1,1.36,0.05,0.00
2025-11-11 01:20:12,192.168.1.1,1.32,0.04,0.00
                                                2025-11-11 10:24:46,192.168.1.1,1.17,0.06,0.00
2025-11-11 10:24:59,192.168.1.1,1.29,0.05,0.00
2025-11-11 10:25:12,192.168.1.1,1.43,0.07,0.00
2025-11-11 10:25:25,192.168.1.1,1.32,0.04,0.00
2025-11-11 10:25:38,192.168.1.1,1.41,0.09,0.00
2025-11-11 10:25:51,192.168.1.1,1.27,0.26,0.00
2025-11-11 10:26:04,192.168.1.1,1.19,0.02,0.00
2025-11-11 10:26:17,192.168.1.1,1.47,0.11,0.00
2025-11-11 10:26:30,192.168.1.1,1.37,0.04,0.00
2025-11-11 10:26:44,192.168.1.1,1.35,0.05,0.00
2025-11-11 10:26:57,192.168.1.1,1.35,0.07,0.00
2025-11-11 10:27:10,192.168.1.1,1.44,0.14,0.00
2025-11-11 10:27:23,192.168.1.1,1.30,0.20,0.00
2025-11-11 10:27:36,192.168.1.1,1.26,0.07,0.00
2025-11-11 10:27:49,192.168.1.1,1.16,0.00,0.00
2025-11-11 10:28:02,192.168.1.1,1.38,0.10,0.00
2025-11-11 10:28:15,192.168.1.1,1.34,0.31,0.00
2025-11-11 10:28:28,192.168.1.1,1.13,0.21,0.00
2025-11-11 10:28:41,192.168.1.1,1.37,0.03,0.00
2025-11-11 10:28:54,192.168.1.1,1.35,0.05,0.00
2025-11-11 10:29:07,192.168.1.1,1.32,0.15,0.00
2025-11-11 10:29:20,192.168.1.1,1.35,0.34,0.00
2025-11-11 10:29:33,192.168.1.1,1.40,0.03,0.00
2025-11-11 10:29:46,192.168.1.1,1.25,0.28,0.00
2025-11-11 10:29:59,192.168.1.1,1.28,0.18,0.00
2025-11-11 10:30:12,192.168.1.1,1.26,0.16,0.00
2025-11-11 10:30:25,192.168.1.1,1.27,0.13,0.00
2025-11-11 10:30:38,192.168.1.1,1.47,0.13,0.00
2025-11-11 10:30:51,192.168.1.1,1.25,0.08,0.00
2025-11-11 10:31:04,192.168.1.1,1.19,0.09,0.00
2025-11-11 10:31:17,192.168.1.1,1.33,0.14,0.00
2025-11-11 10:31:30,192.168.1.1,1.19,0.10,0.00
2025-11-11 10:31:43,192.168.1.1,1.33,0.08,0.00
2025-11-11 10:31:56,192.168.1.1,1.46,0.07,0.00
2025-11-11 10:32:09,192.168.1.1,1.26,0.06,0.00
2025-11-11 10:32:22,192.168.1.1,1.39,0.20,0.00
2025-11-11 10:32:35,192.168.1.1,1.30,0.16,0.00
2025-11-11 10:32:48,192.168.1.1,1.16,0.03,0.00
2025-11-11 10:33:01,192.168.1.1,1.42,0.03,0.00
2025-11-11 10:33:14,192.168.1.1,1.32,0.04,0.00
2025-11-11 10:33:27,192.168.1.1,1.33,0.05,0.00
2025-11-11 10:33:40,192.168.1.1,1.50,0.08,0.00
2025-11-11 10:33:53,192.168.1.1,1.40,0.07,0.00
2025-11-11 10:34:06,192.168.1.1,1.18,0.06,0.00
2025-11-11 10:34:19,192.168.1.1,1.18,0.02,0.00
2025-11-11 10:34:32,192.168.1.1,1.33,0.05,0.00
2025-11-11 10:34:45,192.168.1.1,1.41,0.17,0.00
2025-11-11 10:34:58,192.168.1.1,1.45,0.12,0.00
2025-11-11 10:35:11,192.168.1.1,1.37,0.04,0.00
2025-11-11 11:13:06,192.168.1.1,1.24,0.21,0.00
2025-11-11 11:13:19,192.168.1.1,1.25,0.13,0.00
2025-11-11 11:13:32,192.168.1.1,1.19,0.07,0.00
2025-11-11 11:13:45,192.168.1.1,1.33,0.06,0.00
2025-11-11 11:13:58,192.168.1.1,1.24,0.22,0.00
2025-11-11 11:14:11,192.168.1.1,1.14,0.08,0.00
2025-11-11 11:14:24,192.168.1.1,1.18,0.07,0.00
2025-11-11 11:14:37,192.168.1.1,1.24,0.14,0.00
2025-11-11 11:14:50,192.168.1.1,1.10,0.06,0.00
2025-11-11 11:15:03,192.168.1.1,1.29,0.13,0.00
2025-11-11 11:15:16,192.168.1.1,1.22,0.08,0.00
2025-11-11 11:15:29,192.168.1.1,1.12,0.02,0.00
2025-11-11 11:15:42,192.168.1.1,1.29,0.08,0.00
2025-11-11 11:15:55,192.168.1.1,1.13,0.09,0.00
2025-11-11 11:16:08,192.168.1.1,1.21,0.08,0.00
2025-11-11 11:16:21,192.168.1.1,1.27,0.08,0.00
2025-11-11 11:16:34,192.168.1.1,1.21,0.09,0.00
2025-11-11 11:16:47,192.168.1.1,1.21,0.07,0.00
2025-11-11 11:17:00,192.168.1.1,1.19,0.02,0.00
2025-11-11 11:17:13,192.168.1.1,1.22,0.08,0.00
2025-11-11 11:17:26,192.168.1.1,1.29,0.07,0.00
2025-11-11 11:17:39,192.168.1.1,1.17,0.04,0.00
2025-11-11 11:17:52,192.168.1.1,1.25,0.04,0.00
2025-11-11 11:18:05,192.168.1.1,1.16,0.13,0.00
2025-11-11 11:18:18,192.168.1.1,1.17,0.14,0.00
2025-11-11 11:18:31,192.168.1.1,1.29,0.07,0.00
2025-11-11 11:18:44,192.168.1.1,1.32,0.13,0.00
2025-11-11 11:18:57,192.168.1.1,1.34,0.04,0.00
2025-11-11 11:19:10,192.168.1.1,1.19,0.08,0.00
2025-11-11 11:19:23,192.168.1.1,1.14,0.09,0.00
2025-11-11 11:19:36,192.168.1.1,1.36,0.24,0.00
2025-11-11 11:19:49,192.168.1.1,1.29,0.02,0.00
2025-11-11 11:20:02,192.168.1.1,1.98,0.87,0.00
2025-11-11 11:20:15,192.168.1.1,1.36,0.35,0.00
2025-11-11 11:20:28,192.168.1.1,1.35,0.06,0.00
2025-11-11 11:20:41,192.168.1.1,1.39,0.11,0.00
2025-11-11 11:20:54,192.168.1.1,1.30,0.03,0.00
2025-11-11 11:21:07,192.168.1.1,1.82,0.93,0.00
2025-11-11 11:21:20,192.168.1.1,1.20,0.22,0.00
2025-11-11 11:21:33,192.168.1.1,1.24,0.22,0.00
2025-11-11 11:21:46,192.168.1.1,1.16,0.03,0.00
2025-11-11 11:21:59,192.168.1.1,1.33,0.05,0.00
2025-11-11 11:22:12,192.168.1.1,1.33,0.08,0.00
2025-11-11 11:22:25,192.168.1.1,1.30,0.05,0.00
2025-11-11 11:22:38,192.168.1.1,1.37,0.24,0.00
2025-11-11 11:22:51,192.168.1.1,1.30,0.12,0.00
2025-11-11 11:23:04,192.168.1.1,1.12,0.03,0.00
2025-11-11 11:23:17,192.168.1.1,1.31,0.09,0.00
2025-11-11 11:23:30,192.168.1.1,1.30,0.06,0.00
2025-11-11 11:23:43,192.168.1.1,1.38,0.33,0.00
2025-11-11 11:23:56,192.168.1.1,1.25,0.19,0.00
2025-11-11 11:24:09,192.168.1.1,1.41,0.11,0.00
2025-11-11 11:24:22,192.168.1.1,1.35,0.04,0.00
2025-11-11 11:24:35,192.168.1.1,1.42,0.04,0.00
2025-11-11 11:24:48,192.168.1.1,1.32,0.02,0.00
2025-11-11 11:25:01,192.168.1.1,1.32,0.08,0.00
2025-11-11 11:25:14,192.168.1.1,1.29,0.19,0.00
2025-11-11 11:25:27,192.168.1.1,1.28,0.06,0.00
2025-11-11 11:25:40,192.168.1.1,1.36,0.07,0.00
2025-11-11 11:25:54,192.168.1.1,1.43,0.11,0.00
2025-11-11 11:26:07,192.168.1.1,1.14,0.07,0.00
2025-11-11 11:26:20,192.168.1.1,1.16,0.10,0.00
2025-11-11 11:26:33,192.168.1.1,1.22,0.05,0.00
2025-11-11 11:26:46,192.168.1.1,1.35,0.13,0.00
2025-11-11 11:26:59,192.168.1.1,1.20,0.03,0.00
2025-11-11 11:27:12,192.168.1.1,1.31,0.02,0.00
2025-11-11 11:27:25,192.168.1.1,1.38,0.13,0.00
2025-11-11 11:27:38,192.168.1.1,1.36,0.06,0.00
2025-11-11 11:27:51,192.168.1.1,1.36,0.10,0.00
2025-11-11 11:28:04,192.168.1.1,1.22,0.13,0.00
2025-11-11 11:28:17,192.168.1.1,1.20,0.12,0.00
2025-11-11 11:28:30,192.168.1.1,1.57,0.43,0.00
2025-11-11 11:28:43,192.168.1.1,1.24,0.10,0.00
2025-11-11 11:28:56,192.168.1.1,1.30,0.40,0.00
2025-11-11 11:29:09,192.168.1.1,1.29,0.08,0.00
2025-11-11 11:29:22,192.168.1.1,1.30,0.12,0.00
2025-11-11 11:29:35,192.168.1.1,1.15,0.02,0.00
2025-11-11 11:29:48,192.168.1.1,1.20,0.13,0.00
2025-11-11 11:30:01,192.168.1.1,1.28,0.13,0.00
2025-11-11 11:30:14,192.168.1.1,1.16,0.08,0.00
2025-11-11 11:30:27,192.168.1.1,1.26,0.05,0.00
2025-11-11 11:30:40,192.168.1.1,1.34,0.09,0.00
2025-11-11 11:30:53,192.168.1.1,1.24,0.12,0.00
2025-11-11 11:31:06,192.168.1.1,1.14,0.07,0.00
2025-11-11 11:31:19,192.168.1.1,1.23,0.48,0.00
2025-11-11 11:31:32,192.168.1.1,1.08,0.01,0.00
2025-11-11 11:31:45,192.168.1.1,1.32,0.08,0.00
2025-11-11 11:31:58,192.168.1.1,1.32,0.02,0.00
2025-11-11 11:32:11,192.168.1.1,1.29,0.08,0.00
2025-11-11 11:32:24,192.168.1.1,1.39,0.02,0.00
2025-11-11 11:32:37,192.168.1.1,1.27,0.03,0.00
2025-11-11 11:32:50,192.168.1.1,1.42,0.12,0.00
2025-11-11 11:33:03,192.168.1.1,1.11,0.26,0.00
2025-11-11 11:33:16,192.168.1.1,1.18,0.11,0.00
2025-11-11 11:33:29,192.168.1.1,1.33,0.09,0.00
2025-11-11 11:33:42,192.168.1.1,1.24,0.14,0.00
2025-11-11 11:33:55,192.168.1.1,1.34,0.16,0.00
2025-11-11 11:34:08,192.168.1.1,1.27,0.03,0.00
2025-11-11 11:34:21,192.168.1.1,1.23,0.06,0.00
2025-11-11 11:34:34,192.168.1.1,1.23,0.08,0.00
2025-11-11 11:34:47,192.168.1.1,1.15,0.21,0.00
2025-11-11 11:35:00,192.168.1.1,1.22,0.10,0.00
2025-11-11 11:35:13,192.168.1.1,1.43,0.07,0.00
2025-11-11 11:35:26,192.168.1.1,1.27,0.08,0.00
2025-11-11 11:35:39,192.168.1.1,1.34,0.09,0.00
2025-11-11 11:35:52,192.168.1.1,1.30,0.12,0.00
2025-11-11 11:36:05,192.168.1.1,1.11,0.03,0.00
2025-11-11 11:36:18,192.168.1.1,1.21,0.10,0.00
2025-11-11 11:36:31,192.168.1.1,1.22,0.10,0.00
2025-11-11 11:36:44,192.168.1.1,1.29,0.04,0.00
2025-11-11 11:36:57,192.168.1.1,1.86,1.51,0.00
2025-11-11 11:37:10,192.168.1.1,1.24,0.31,0.00
2025-11-11 11:37:23,192.168.1.1,1.14,0.06,0.00
2025-11-11 11:37:36,192.168.1.1,1.30,0.11,0.00
2025-11-11 11:37:49,192.168.1.1,1.39,0.13,0.00
2025-11-11 11:38:02,192.168.1.1,1.53,0.47,0.00
2025-11-11 11:38:15,192.168.1.1,1.28,0.05,0.00
2025-11-11 11:38:28,192.168.1.1,1.40,0.12,0.00
2025-11-11 11:38:41,192.168.1.1,1.74,0.84,0.00
2025-11-11 11:38:54,192.168.1.1,1.29,0.05,0.00
2025-11-11 11:39:07,192.168.1.1,1.25,0.20,0.00
2025-11-11 11:39:20,192.168.1.1,1.21,0.19,0.00
2025-11-11 11:39:33,192.168.1.1,1.25,0.20,0.00
2025-11-11 11:39:46,192.168.1.1,1.22,0.18,0.00
2025-11-11 11:39:59,192.168.1.1,1.35,0.06,0.00
2025-11-11 11:40:12,192.168.1.1,1.34,0.07,0.00
2025-11-11 11:40:25,192.168.1.1,1.30,0.03,0.00
2025-11-11 11:40:38,192.168.1.1,1.25,0.03,0.00
2025-11-11 11:40:51,192.168.1.1,1.28,0.11,0.00
2025-11-11 11:41:04,192.168.1.1,1.68,0.86,0.00
2025-11-11 11:41:17,192.168.1.1,1.11,0.10,0.00
2025-11-11 11:41:30,192.168.1.1,1.31,0.03,0.00
2025-11-11 11:41:43,192.168.1.1,1.35,0.13,0.00
2025-11-11 11:41:56,192.168.1.1,1.17,0.03,0.00
2025-11-11 11:42:09,192.168.1.1,1.25,0.10,0.00
2025-11-11 11:42:22,192.168.1.1,1.34,0.05,0.00
2025-11-11 11:42:35,192.168.1.1,1.31,0.11,0.00
2025-11-11 11:42:48,192.168.1.1,1.23,0.16,0.00
2025-11-11 11:43:01,192.168.1.1,1.38,0.15,0.00
2025-11-11 11:43:14,192.168.1.1,1.28,0.18,0.00
2025-11-11 11:43:27,192.168.1.1,1.30,0.03,0.00
2025-11-11 11:43:40,192.168.1.1,1.32,0.04,0.00
2025-11-11 11:43:53,192.168.1.1,1.36,0.23,0.00
2025-11-11 11:44:06,192.168.1.1,1.18,0.07,0.00
2025-11-11 11:44:19,192.168.1.1,1.26,0.13,0.00
2025-11-11 11:44:32,192.168.1.1,1.23,0.13,0.00
2025-11-11 11:44:45,192.168.1.1,1.39,0.07,0.00
2025-11-11 11:44:58,192.168.1.1,1.27,0.12,0.00
2025-11-11 11:45:11,192.168.1.1,1.18,0.07,0.00
2025-11-11 11:45:24,192.168.1.1,1.37,0.10,0.00
2025-11-11 11:45:37,192.168.1.1,1.22,0.11,0.00
2025-11-11 11:45:50,192.168.1.1,1.27,0.04,0.00
2025-11-11 11:46:03,192.168.1.1,1.24,0.10,0.00
2025-11-11 11:46:16,192.168.1.1,1.27,0.13,0.00
2025-11-11 11:46:29,192.168.1.1,1.13,0.14,0.00
2025-11-11 11:46:42,192.168.1.1,1.18,0.06,0.00
2025-11-11 11:46:55,192.168.1.1,1.24,0.08,0.00
2025-11-11 11:47:08,192.168.1.1,1.24,0.08,0.00
2025-11-11 11:47:21,192.168.1.1,1.15,0.16,0.00
2025-11-11 11:47:34,192.168.1.1,1.26,0.15,0.00
2025-11-11 11:47:47,192.168.1.1,1.35,0.16,0.00
2025-11-11 11:48:00,192.168.1.1,1.21,0.13,0.00
2025-11-11 11:48:13,192.168.1.1,1.25,0.11,0.00
2025-11-11 11:48:26,192.168.1.1,1.34,0.05,0.00
2025-11-11 11:48:39,192.168.1.1,1.32,0.21,0.00
2025-11-11 11:48:52,192.168.1.1,1.28,0.03,0.00
2025-11-11 11:49:05,192.168.1.1,1.21,0.04,0.00
2025-11-11 11:49:18,192.168.1.1,1.33,0.23,0.00
2025-11-11 11:49:31,192.168.1.1,1.36,0.12,0.00
2025-11-11 11:49:44,192.168.1.1,1.27,0.22,0.00
2025-11-11 11:49:57,192.168.1.1,1.29,0.05,0.00
2025-11-11 11:50:10,192.168.1.1,1.19,0.05,0.00
2025-11-11 11:50:23,192.168.1.1,1.39,0.02,0.00
2025-11-11 11:50:36,192.168.1.1,1.41,0.12,0.00
2025-11-11 11:50:49,192.168.1.1,1.27,0.12,0.00
2025-11-11 11:51:02,192.168.1.1,1.15,0.04,0.00
2025-11-11 11:51:15,192.168.1.1,1.33,0.02,0.00
2025-11-11 11:51:28,192.168.1.1,1.41,0.10,0.00
2025-11-11 11:51:41,192.168.1.1,1.37,0.09,0.00
2025-11-11 11:51:54,192.168.1.1,1.34,0.09,0.00
2025-11-11 11:52:07,192.168.1.1,1.32,0.04,0.00
2025-11-11 11:55:24,192.168.1.1,1.16,0.09,0.00
2025-11-11 11:55:37,192.168.1.1,1.30,0.07,0.00
2025-11-11 11:55:50,192.168.1.1,1.36,0.11,0.00
2025-11-11 11:56:03,192.168.1.1,1.26,0.11,0.00
2025-11-11 11:56:16,192.168.1.1,1.29,0.28,0.00
2025-11-11 11:56:30,192.168.1.1,1.18,0.04,0.00
2025-11-11 11:56:43,192.168.1.1,1.23,0.08,0.00
2025-11-11 11:56:56,192.168.1.1,1.29,0.16,0.00
2025-11-11 11:57:09,192.168.1.1,1.25,0.07,0.00
2025-11-11 11:58:21,192.168.1.1,1.17,0.13,0.00
2025-11-11 11:58:34,192.168.1.1,1.24,0.02,0.00
2025-11-11 11:58:47,192.168.1.1,1.11,0.07,0.00
2025-11-11 11:59:00,192.168.1.1,1.17,0.15,0.00
2025-11-11 11:59:13,192.168.1.1,1.22,0.15,0.00
2025-11-11 11:59:26,192.168.1.1,1.16,0.20,0.00
2025-11-11 11:59:39,192.168.1.1,1.24,0.10,0.00
2025-11-11 11:59:52,192.168.1.1,1.13,0.01,0.00
2025-11-11 12:00:05,192.168.1.1,1.13,0.03,0.00
2025-11-11 12:00:18,192.168.1.1,1.25,0.11,0.00
2025-11-11 12:00:31,192.168.1.1,1.19,0.11,0.00
2025-11-11 12:00:44,192.168.1.1,1.32,0.10,0.00
2025-11-11 12:00:57,192.168.1.1,1.44,0.49,0.00
2025-11-11 12:01:10,192.168.1.1,1.20,0.07,0.00
2025-11-11 12:01:23,192.168.1.1,1.27,0.11,0.00
2025-11-11 12:01:36,192.168.1.1,1.30,0.07,0.00
2025-11-11 12:01:49,192.168.1.1,1.18,0.22,0.00
2025-11-11 12:02:02,192.168.1.1,1.30,0.11,0.00
2025-11-11 12:02:15,192.168.1.1,1.36,0.07,0.00
2025-11-11 12:02:28,192.168.1.1,1.19,0.03,0.00
2025-11-11 12:02:41,192.168.1.1,1.27,0.11,0.00
2025-11-11 12:02:54,192.168.1.1,1.31,0.01,0.00
2025-11-11 12:03:07,192.168.1.1,1.21,0.10,0.00
2025-11-11 12:03:20,192.168.1.1,1.28,0.08,0.00
2025-11-11 12:03:33,192.168.1.1,1.30,0.12,0.00
2025-11-11 12:03:46,192.168.1.1,1.26,0.09,0.00
2025-11-11 12:03:59,192.168.1.1,1.36,0.07,0.00
2025-11-11 12:06:49,192.168.1.1,1.10,0.11,0.00
2025-11-11 12:07:02,192.168.1.1,1.31,0.05,0.00
2025-11-11 12:07:15,192.168.1.1,1.26,0.13,0.00
2025-11-11 12:07:28,192.168.1.1,1.19,0.16,0.00
2025-11-11 12:07:41,192.168.1.1,1.26,0.10,0.00
2025-11-11 12:07:54,192.168.1.1,1.27,0.04,0.00
2025-11-11 12:08:07,192.168.1.1,1.12,0.03,0.00
2025-11-11 12:08:20,192.168.1.1,1.17,0.14,0.00
2025-11-11 12:08:33,192.168.1.1,1.18,0.06,0.00
2025-11-11 12:08:46,192.168.1.1,1.26,0.04,0.00
2025-11-11 12:08:59,192.168.1.1,1.22,0.17,0.00
2025-11-11 12:09:12,192.168.1.1,1.30,0.03,0.00
2025-11-11 12:09:25,192.168.1.1,1.27,0.04,0.00
2025-11-11 12:09:38,192.168.1.1,1.22,0.11,0.00
2025-11-11 12:09:51,192.168.1.1,1.34,0.10,0.00
2025-11-11 12:10:27,192.168.1.1,1.21,0.10,0.00
2025-11-11 12:10:40,192.168.1.1,1.26,0.07,0.00
2025-11-11 12:10:53,192.168.1.1,1.30,0.07,0.00
2025-11-11 12:11:06,192.168.1.1,1.28,0.05,0.00
2025-11-11 12:11:19,192.168.1.1,1.23,0.11,0.00
2025-11-11 12:11:32,192.168.1.1,1.17,0.11,0.00
2025-11-11 12:11:45,192.168.1.1,1.38,0.36,0.00
2025-11-11 12:11:59,192.168.1.1,1.26,0.24,0.00
2025-11-11 12:12:12,192.168.1.1,1.14,0.11,0.00
2025-11-11 12:12:25,192.168.1.1,1.30,0.14,0.00
2025-11-11 12:12:38,192.168.1.1,1.22,0.14,0.00
2025-11-11 12:12:51,192.168.1.1,1.19,0.11,0.00
2025-11-11 12:13:04,192.168.1.1,1.19,0.15,0.00
2025-11-11 12:13:17,192.168.1.1,1.16,0.05,0.00
2025-11-11 12:13:30,192.168.1.1,1.20,0.07,0.00
2025-11-11 12:13:43,192.168.1.1,1.25,0.08,0.00
2025-11-11 12:13:56,192.168.1.1,1.15,0.03,0.00
2025-11-11 12:14:09,192.168.1.1,1.20,0.17,0.00
2025-11-11 12:14:22,192.168.1.1,1.34,0.24,0.00
2025-11-11 12:14:35,192.168.1.1,1.18,0.05,0.00
2025-11-11 12:14:48,192.168.1.1,1.33,0.10,0.00
2025-11-11 12:15:01,192.168.1.1,1.12,0.11,0.00
2025-11-11 12:15:14,192.168.1.1,1.18,0.13,0.00
2025-11-11 12:15:27,192.168.1.1,1.16,0.32,0.00
2025-11-11 12:15:40,192.168.1.1,2.34,2.51,0.00
2025-11-11 12:15:53,192.168.1.1,1.06,0.16,0.00
2025-11-11 12:16:06,192.168.1.1,1.27,0.10,0.00
2025-11-11 12:16:19,192.168.1.1,1.28,0.17,0.00
2025-11-11 12:16:32,192.168.1.1,1.31,0.06,0.00
2025-11-11 12:16:45,192.168.1.1,1.19,0.10,0.00
2025-11-11 12:16:58,192.168.1.1,1.17,0.07,0.00
2025-11-11 12:17:11,192.168.1.1,1.18,0.04,0.00
2025-11-11 12:17:24,192.168.1.1,1.16,0.05,0.00
2025-11-11 12:17:37,192.168.1.1,1.23,0.18,0.00
2025-11-11 12:17:50,192.168.1.1,1.27,0.09,0.00
2025-11-11 12:18:03,192.168.1.1,1.33,0.13,0.00
2025-11-11 12:18:16,192.168.1.1,1.29,0.19,0.00
2025-11-11 12:18:29,192.168.1.1,1.26,0.29,0.00
2025-11-11 12:18:42,192.168.1.1,1.31,0.12,0.00
2025-11-11 12:18:55,192.168.1.1,1.20,0.12,0.00
2025-11-11 12:19:08,192.168.1.1,1.26,0.22,0.00
2025-11-11 12:19:23,192.168.1.1,1.19,0.04,33.33
2025-11-11 12:19:36,192.168.1.1,24.98,8.00,0.00
2025-11-11 12:19:49,192.168.1.1,1.44,0.25,0.00
2025-11-11 12:20:02,192.168.1.1,17.71,24.70,0.00
2025-11-11 12:20:15,192.168.1.1,1.27,0.08,0.00
2025-11-11 12:20:28,192.168.1.1,1.29,0.18,0.00
2025-11-11 12:20:41,192.168.1.1,1.36,0.16,0.00
2025-11-11 12:20:54,192.168.1.1,1.22,0.18,0.00
2025-11-11 12:21:07,192.168.1.1,1.20,0.06,0.00
2025-11-11 12:21:20,192.168.1.1,1.32,0.01,0.00
2025-11-11 12:21:33,192.168.1.1,1.79,0.77,0.00
2025-11-11 12:21:46,192.168.1.1,1.35,0.13,0.00
2025-11-11 12:21:59,192.168.1.1,1.24,0.12,0.00
2025-11-11 12:22:12,192.168.1.1,1.19,0.17,0.00
2025-11-11 12:22:25,192.168.1.1,1.31,0.11,0.00
2025-11-11 12:22:38,192.168.1.1,1.25,0.13,0.00
2025-11-11 12:22:51,192.168.1.1,1.39,0.12,0.00
2025-11-11 12:23:04,192.168.1.1,1.27,0.20,0.00
2025-11-11 12:23:17,192.168.1.1,1.35,0.12,0.00
2025-11-11 12:23:30,192.168.1.1,1.17,0.11,0.00
2025-11-11 12:23:43,192.168.1.1,1.20,0.13,0.00
2025-11-11 12:23:56,192.168.1.1,1.79,0.78,0.00
2025-11-11 12:24:09,192.168.1.1,1.33,0.06,0.00
2025-11-11 12:24:22,192.168.1.1,1.33,0.03,0.00
2025-11-11 12:24:35,192.168.1.1,1.27,0.17,0.00
2025-11-11 12:24:48,192.168.1.1,1.31,0.05,0.00
2025-11-11 12:25:01,192.168.1.1,1.15,0.03,0.00
2025-11-12 09:35:29,192.168.1.1,NaN,NaN,100.00
2025-11-12 09:35:48,192.168.1.1,NaN,NaN,100.00
2025-11-12 09:36:07,192.168.1.1,NaN,NaN,100.00
2025-11-12 09:36:26,192.168.1.1,NaN,NaN,100.00
2025-11-12 09:36:45,192.168.1.1,NaN,NaN,100.00
2025-11-12 09:37:04,192.168.1.1,NaN,NaN,100.00
2025-11-12 09:37:23,192.168.1.1,NaN,NaN,100.00
2025-11-12 09:37:42,192.168.1.1,NaN,NaN,100.00
2025-11-12 09:38:01,192.168.1.1,NaN,NaN,100.00
2025-11-12 09:38:20,192.168.1.1,NaN,NaN,100.00
2025-11-12 09:38:39,192.168.1.1,NaN,NaN,100.00
2025-11-12 09:38:58,192.168.1.1,NaN,NaN,100.00
2025-11-12 09:39:17,192.168.1.1,NaN,NaN,100.00
2025-11-12 09:39:36,192.168.1.1,NaN,NaN,100.00
2025-11-12 09:39:55,192.168.1.1,NaN,NaN,100.00
2025-11-12 09:40:14,192.168.1.1,NaN,NaN,100.00
2025-11-12 09:40:33,192.168.1.1,NaN,NaN,100.00
2025-11-12 09:40:52,192.168.1.1,NaN,NaN,100.00
                                                